sentence,audio_url
I adore every moment with you.,https://huggingface.co/datasets/wizzzzzzzzz/TTS_audio/resolve/main/Parler-TTS-large-v1/sample1/Template2/Emphasis/lover/adore.wav
I adore every moment with you.,https://huggingface.co/datasets/wizzzzzzzzz/TTS_audio/resolve/main/Parler-TTS-mini-v1/sample1/Template2/Emphasis/lover/adore.wav
I adore every moment with you.,https://huggingface.co/datasets/wizzzzzzzzz/TTS_audio/resolve/main/PromptTTS++/sample1/Template2/Emphasis/lover/adore.wav
I adore every moment with you.,https://huggingface.co/datasets/wizzzzzzzzz/TTS_audio/resolve/main/UniAudio/sample1/Template2/Emphasis/lover/adore.wav
I adore every moment with you.,https://huggingface.co/datasets/wizzzzzzzzz/TTS_audio/resolve/main/gpt-4o-mini-tts/sample1/Template2/Emphasis/lover/adore.wav
I adore every moment with you.,https://huggingface.co/datasets/wizzzzzzzzz/TTS_audio/resolve/main/Parler-TTS-large-v1/sample1/Template2/Emphasis/lover/every.wav
I adore every moment with you.,https://huggingface.co/datasets/wizzzzzzzzz/TTS_audio/resolve/main/Parler-TTS-mini-v1/sample1/Template2/Emphasis/lover/every.wav
I adore every moment with you.,https://huggingface.co/datasets/wizzzzzzzzz/TTS_audio/resolve/main/PromptTTS++/sample1/Template2/Emphasis/lover/every.wav
I adore every moment with you.,https://huggingface.co/datasets/wizzzzzzzzz/TTS_audio/resolve/main/UniAudio/sample1/Template2/Emphasis/lover/every.wav
I adore every moment with you.,https://huggingface.co/datasets/wizzzzzzzzz/TTS_audio/resolve/main/gpt-4o-mini-tts/sample1/Template2/Emphasis/lover/every.wav
I adore every moment with you.,https://huggingface.co/datasets/wizzzzzzzzz/TTS_audio/resolve/main/Parler-TTS-large-v1/sample1/Template2/Emphasis/lover/i.wav
I adore every moment with you.,https://huggingface.co/datasets/wizzzzzzzzz/TTS_audio/resolve/main/Parler-TTS-mini-v1/sample1/Template2/Emphasis/lover/i.wav
I adore every moment with you.,https://huggingface.co/datasets/wizzzzzzzzz/TTS_audio/resolve/main/PromptTTS++/sample1/Template2/Emphasis/lover/i.wav
I adore every moment with you.,https://huggingface.co/datasets/wizzzzzzzzz/TTS_audio/resolve/main/UniAudio/sample1/Template2/Emphasis/lover/i.wav
I adore every moment with you.,https://huggingface.co/datasets/wizzzzzzzzz/TTS_audio/resolve/main/gpt-4o-mini-tts/sample1/Template2/Emphasis/lover/i.wav
I adore every moment with you.,https://huggingface.co/datasets/wizzzzzzzzz/TTS_audio/resolve/main/Parler-TTS-large-v1/sample1/Template2/Emphasis/lover/moment.wav
I adore every moment with you.,https://huggingface.co/datasets/wizzzzzzzzz/TTS_audio/resolve/main/Parler-TTS-mini-v1/sample1/Template2/Emphasis/lover/moment.wav
I adore every moment with you.,https://huggingface.co/datasets/wizzzzzzzzz/TTS_audio/resolve/main/PromptTTS++/sample1/Template2/Emphasis/lover/moment.wav
An entrepreneur is an example of a businessperson.,https://huggingface.co/datasets/wizzzzzzzzz/TTS_annotation_check/resolve/main/Task3_Emphasis/audios/recorded_audio_9dOKLL0.wav
I adore every moment with you.,https://huggingface.co/datasets/wizzzzzzzzz/TTS_audio/resolve/main/UniAudio/sample1/Template2/Emphasis/lover/moment.wav
I adore every moment with you.,https://huggingface.co/datasets/wizzzzzzzzz/TTS_audio/resolve/main/gpt-4o-mini-tts/sample1/Template2/Emphasis/lover/moment.wav
I adore every moment with you.,https://huggingface.co/datasets/wizzzzzzzzz/TTS_audio/resolve/main/Parler-TTS-large-v1/sample1/Template2/Emphasis/lover/with.wav
I adore every moment with you.,https://huggingface.co/datasets/wizzzzzzzzz/TTS_audio/resolve/main/Parler-TTS-mini-v1/sample1/Template2/Emphasis/lover/with.wav
I adore every moment with you.,https://huggingface.co/datasets/wizzzzzzzzz/TTS_audio/resolve/main/PromptTTS++/sample1/Template2/Emphasis/lover/with.wav
I adore every moment with you.,https://huggingface.co/datasets/wizzzzzzzzz/TTS_audio/resolve/main/UniAudio/sample1/Template2/Emphasis/lover/with.wav
I adore every moment with you.,https://huggingface.co/datasets/wizzzzzzzzz/TTS_audio/resolve/main/gpt-4o-mini-tts/sample1/Template2/Emphasis/lover/with.wav
I adore every moment with you.,https://huggingface.co/datasets/wizzzzzzzzz/TTS_audio/resolve/main/Parler-TTS-large-v1/sample1/Template2/Emphasis/lover/you.wav
I adore every moment with you.,https://huggingface.co/datasets/wizzzzzzzzz/TTS_audio/resolve/main/Parler-TTS-mini-v1/sample1/Template2/Emphasis/lover/you.wav
I adore every moment with you.,https://huggingface.co/datasets/wizzzzzzzzz/TTS_audio/resolve/main/PromptTTS++/sample1/Template2/Emphasis/lover/you.wav
I adore every moment with you.,https://huggingface.co/datasets/wizzzzzzzzz/TTS_audio/resolve/main/UniAudio/sample1/Template2/Emphasis/lover/you.wav
I adore every moment with you.,https://huggingface.co/datasets/wizzzzzzzzz/TTS_audio/resolve/main/gpt-4o-mini-tts/sample1/Template2/Emphasis/lover/you.wav
Please return my gardening tools soon.,https://huggingface.co/datasets/wizzzzzzzzz/TTS_audio/resolve/main/Parler-TTS-large-v1/sample1/Template2/Emphasis/neighbor/gardening.wav
Please return my gardening tools soon.,https://huggingface.co/datasets/wizzzzzzzzz/TTS_audio/resolve/main/Parler-TTS-mini-v1/sample1/Template2/Emphasis/neighbor/gardening.wav
Please return my gardening tools soon.,https://huggingface.co/datasets/wizzzzzzzzz/TTS_audio/resolve/main/PromptTTS++/sample1/Template2/Emphasis/neighbor/gardening.wav
Please return my gardening tools soon.,https://huggingface.co/datasets/wizzzzzzzzz/TTS_audio/resolve/main/UniAudio/sample1/Template2/Emphasis/neighbor/gardening.wav
Please return my gardening tools soon.,https://huggingface.co/datasets/wizzzzzzzzz/TTS_audio/resolve/main/gpt-4o-mini-tts/sample1/Template2/Emphasis/neighbor/gardening.wav
Please return my gardening tools soon.,https://huggingface.co/datasets/wizzzzzzzzz/TTS_audio/resolve/main/Parler-TTS-large-v1/sample1/Template2/Emphasis/neighbor/my.wav
She is known as the lead singer of Eurodance and Eurotrance group Cascada.,https://huggingface.co/datasets/wizzzzzzzzz/TTS_annotation_check/resolve/main/Task3_Emphasis/audios/recorded_audio_WvFXQZK.wav
Please return my gardening tools soon.,https://huggingface.co/datasets/wizzzzzzzzz/TTS_audio/resolve/main/Parler-TTS-mini-v1/sample1/Template2/Emphasis/neighbor/my.wav
Please return my gardening tools soon.,https://huggingface.co/datasets/wizzzzzzzzz/TTS_audio/resolve/main/PromptTTS++/sample1/Template2/Emphasis/neighbor/my.wav
Please return my gardening tools soon.,https://huggingface.co/datasets/wizzzzzzzzz/TTS_audio/resolve/main/UniAudio/sample1/Template2/Emphasis/neighbor/my.wav
Please return my gardening tools soon.,https://huggingface.co/datasets/wizzzzzzzzz/TTS_audio/resolve/main/gpt-4o-mini-tts/sample1/Template2/Emphasis/neighbor/my.wav
Please return my gardening tools soon.,https://huggingface.co/datasets/wizzzzzzzzz/TTS_audio/resolve/main/Parler-TTS-large-v1/sample1/Template2/Emphasis/neighbor/please.wav
Please return my gardening tools soon.,https://huggingface.co/datasets/wizzzzzzzzz/TTS_audio/resolve/main/Parler-TTS-mini-v1/sample1/Template2/Emphasis/neighbor/please.wav
Please return my gardening tools soon.,https://huggingface.co/datasets/wizzzzzzzzz/TTS_audio/resolve/main/PromptTTS++/sample1/Template2/Emphasis/neighbor/please.wav
Please return my gardening tools soon.,https://huggingface.co/datasets/wizzzzzzzzz/TTS_audio/resolve/main/UniAudio/sample1/Template2/Emphasis/neighbor/please.wav
Please return my gardening tools soon.,https://huggingface.co/datasets/wizzzzzzzzz/TTS_audio/resolve/main/gpt-4o-mini-tts/sample1/Template2/Emphasis/neighbor/please.wav
Please return my gardening tools soon.,https://huggingface.co/datasets/wizzzzzzzzz/TTS_audio/resolve/main/Parler-TTS-large-v1/sample1/Template2/Emphasis/neighbor/return.wav
Please return my gardening tools soon.,https://huggingface.co/datasets/wizzzzzzzzz/TTS_audio/resolve/main/Parler-TTS-mini-v1/sample1/Template2/Emphasis/neighbor/return.wav
Please return my gardening tools soon.,https://huggingface.co/datasets/wizzzzzzzzz/TTS_audio/resolve/main/PromptTTS++/sample1/Template2/Emphasis/neighbor/return.wav
Please return my gardening tools soon.,https://huggingface.co/datasets/wizzzzzzzzz/TTS_audio/resolve/main/UniAudio/sample1/Template2/Emphasis/neighbor/return.wav
Please return my gardening tools soon.,https://huggingface.co/datasets/wizzzzzzzzz/TTS_audio/resolve/main/gpt-4o-mini-tts/sample1/Template2/Emphasis/neighbor/return.wav
Please return my gardening tools soon.,https://huggingface.co/datasets/wizzzzzzzzz/TTS_audio/resolve/main/Parler-TTS-large-v1/sample1/Template2/Emphasis/neighbor/soon.wav
Please return my gardening tools soon.,https://huggingface.co/datasets/wizzzzzzzzz/TTS_audio/resolve/main/Parler-TTS-mini-v1/sample1/Template2/Emphasis/neighbor/soon.wav
Please return my gardening tools soon.,https://huggingface.co/datasets/wizzzzzzzzz/TTS_audio/resolve/main/PromptTTS++/sample1/Template2/Emphasis/neighbor/soon.wav
Please return my gardening tools soon.,https://huggingface.co/datasets/wizzzzzzzzz/TTS_audio/resolve/main/UniAudio/sample1/Template2/Emphasis/neighbor/soon.wav
Hill was orphaned as a toddler and raised by her grandparents.,https://huggingface.co/datasets/wizzzzzzzzz/TTS_annotation_check/resolve/main/Task3_Emphasis/audios/recorded_audio_0rJ1um4.wav
Please return my gardening tools soon.,https://huggingface.co/datasets/wizzzzzzzzz/TTS_audio/resolve/main/gpt-4o-mini-tts/sample1/Template2/Emphasis/neighbor/soon.wav
Please return my gardening tools soon.,https://huggingface.co/datasets/wizzzzzzzzz/TTS_audio/resolve/main/Parler-TTS-large-v1/sample1/Template2/Emphasis/neighbor/tools.wav
Please return my gardening tools soon.,https://huggingface.co/datasets/wizzzzzzzzz/TTS_audio/resolve/main/Parler-TTS-mini-v1/sample1/Template2/Emphasis/neighbor/tools.wav
Please return my gardening tools soon.,https://huggingface.co/datasets/wizzzzzzzzz/TTS_audio/resolve/main/PromptTTS++/sample1/Template2/Emphasis/neighbor/tools.wav
Please return my gardening tools soon.,https://huggingface.co/datasets/wizzzzzzzzz/TTS_audio/resolve/main/UniAudio/sample1/Template2/Emphasis/neighbor/tools.wav
Please return my gardening tools soon.,https://huggingface.co/datasets/wizzzzzzzzz/TTS_audio/resolve/main/gpt-4o-mini-tts/sample1/Template2/Emphasis/neighbor/tools.wav
You might borrow my car later.,https://huggingface.co/datasets/wizzzzzzzzz/TTS_audio/resolve/main/Parler-TTS-large-v1/sample1/Template2/Emphasis/sibling/borrow.wav
You might borrow my car later.,https://huggingface.co/datasets/wizzzzzzzzz/TTS_audio/resolve/main/Parler-TTS-mini-v1/sample1/Template2/Emphasis/sibling/borrow.wav
You might borrow my car later.,https://huggingface.co/datasets/wizzzzzzzzz/TTS_audio/resolve/main/PromptTTS++/sample1/Template2/Emphasis/sibling/borrow.wav
You might borrow my car later.,https://huggingface.co/datasets/wizzzzzzzzz/TTS_audio/resolve/main/UniAudio/sample1/Template2/Emphasis/sibling/borrow.wav
You might borrow my car later.,https://huggingface.co/datasets/wizzzzzzzzz/TTS_audio/resolve/main/gpt-4o-mini-tts/sample1/Template2/Emphasis/sibling/borrow.wav
You might borrow my car later.,https://huggingface.co/datasets/wizzzzzzzzz/TTS_audio/resolve/main/Parler-TTS-large-v1/sample1/Template2/Emphasis/sibling/car.wav
You might borrow my car later.,https://huggingface.co/datasets/wizzzzzzzzz/TTS_audio/resolve/main/Parler-TTS-mini-v1/sample1/Template2/Emphasis/sibling/car.wav
You might borrow my car later.,https://huggingface.co/datasets/wizzzzzzzzz/TTS_audio/resolve/main/PromptTTS++/sample1/Template2/Emphasis/sibling/car.wav
You might borrow my car later.,https://huggingface.co/datasets/wizzzzzzzzz/TTS_audio/resolve/main/UniAudio/sample1/Template2/Emphasis/sibling/car.wav
You might borrow my car later.,https://huggingface.co/datasets/wizzzzzzzzz/TTS_audio/resolve/main/gpt-4o-mini-tts/sample1/Template2/Emphasis/sibling/car.wav
You might borrow my car later.,https://huggingface.co/datasets/wizzzzzzzzz/TTS_audio/resolve/main/Parler-TTS-large-v1/sample1/Template2/Emphasis/sibling/later.wav
You might borrow my car later.,https://huggingface.co/datasets/wizzzzzzzzz/TTS_audio/resolve/main/Parler-TTS-mini-v1/sample1/Template2/Emphasis/sibling/later.wav
Low balls are extremely difficult to return.,https://huggingface.co/datasets/wizzzzzzzzz/TTS_annotation_check/resolve/main/Task3_Emphasis/audios/recorded_audio_eeXTMFT.wav
You might borrow my car later.,https://huggingface.co/datasets/wizzzzzzzzz/TTS_audio/resolve/main/PromptTTS++/sample1/Template2/Emphasis/sibling/later.wav
You might borrow my car later.,https://huggingface.co/datasets/wizzzzzzzzz/TTS_audio/resolve/main/UniAudio/sample1/Template2/Emphasis/sibling/later.wav
You might borrow my car later.,https://huggingface.co/datasets/wizzzzzzzzz/TTS_audio/resolve/main/gpt-4o-mini-tts/sample1/Template2/Emphasis/sibling/later.wav
You might borrow my car later.,https://huggingface.co/datasets/wizzzzzzzzz/TTS_audio/resolve/main/Parler-TTS-large-v1/sample1/Template2/Emphasis/sibling/might.wav
You might borrow my car later.,https://huggingface.co/datasets/wizzzzzzzzz/TTS_audio/resolve/main/Parler-TTS-mini-v1/sample1/Template2/Emphasis/sibling/might.wav
You might borrow my car later.,https://huggingface.co/datasets/wizzzzzzzzz/TTS_audio/resolve/main/PromptTTS++/sample1/Template2/Emphasis/sibling/might.wav
You might borrow my car later.,https://huggingface.co/datasets/wizzzzzzzzz/TTS_audio/resolve/main/UniAudio/sample1/Template2/Emphasis/sibling/might.wav
You might borrow my car later.,https://huggingface.co/datasets/wizzzzzzzzz/TTS_audio/resolve/main/gpt-4o-mini-tts/sample1/Template2/Emphasis/sibling/might.wav
You might borrow my car later.,https://huggingface.co/datasets/wizzzzzzzzz/TTS_audio/resolve/main/Parler-TTS-large-v1/sample1/Template2/Emphasis/sibling/my.wav
You might borrow my car later.,https://huggingface.co/datasets/wizzzzzzzzz/TTS_audio/resolve/main/Parler-TTS-mini-v1/sample1/Template2/Emphasis/sibling/my.wav
You might borrow my car later.,https://huggingface.co/datasets/wizzzzzzzzz/TTS_audio/resolve/main/PromptTTS++/sample1/Template2/Emphasis/sibling/my.wav
You might borrow my car later.,https://huggingface.co/datasets/wizzzzzzzzz/TTS_audio/resolve/main/UniAudio/sample1/Template2/Emphasis/sibling/my.wav
You might borrow my car later.,https://huggingface.co/datasets/wizzzzzzzzz/TTS_audio/resolve/main/gpt-4o-mini-tts/sample1/Template2/Emphasis/sibling/my.wav
You might borrow my car later.,https://huggingface.co/datasets/wizzzzzzzzz/TTS_audio/resolve/main/Parler-TTS-large-v1/sample1/Template2/Emphasis/sibling/you.wav
You might borrow my car later.,https://huggingface.co/datasets/wizzzzzzzzz/TTS_audio/resolve/main/Parler-TTS-mini-v1/sample1/Template2/Emphasis/sibling/you.wav
You might borrow my car later.,https://huggingface.co/datasets/wizzzzzzzzz/TTS_audio/resolve/main/PromptTTS++/sample1/Template2/Emphasis/sibling/you.wav
You might borrow my car later.,https://huggingface.co/datasets/wizzzzzzzzz/TTS_audio/resolve/main/UniAudio/sample1/Template2/Emphasis/sibling/you.wav
You might borrow my car later.,https://huggingface.co/datasets/wizzzzzzzzz/TTS_audio/resolve/main/gpt-4o-mini-tts/sample1/Template2/Emphasis/sibling/you.wav
Sime never played sports professionally.,https://huggingface.co/datasets/wizzzzzzzzz/TTS_annotation_check/resolve/main/Task3_Emphasis/audios/recorded_audio_GQseOat.wav
Submit your project before class tomorrow.,https://huggingface.co/datasets/wizzzzzzzzz/TTS_audio/resolve/main/Parler-TTS-large-v1/sample1/Template2/Emphasis/teacher-student/before.wav
Submit your project before class tomorrow.,https://huggingface.co/datasets/wizzzzzzzzz/TTS_audio/resolve/main/Parler-TTS-mini-v1/sample1/Template2/Emphasis/teacher-student/before.wav
Submit your project before class tomorrow.,https://huggingface.co/datasets/wizzzzzzzzz/TTS_audio/resolve/main/PromptTTS++/sample1/Template2/Emphasis/teacher-student/before.wav
Submit your project before class tomorrow.,https://huggingface.co/datasets/wizzzzzzzzz/TTS_audio/resolve/main/UniAudio/sample1/Template2/Emphasis/teacher-student/before.wav
Submit your project before class tomorrow.,https://huggingface.co/datasets/wizzzzzzzzz/TTS_audio/resolve/main/gpt-4o-mini-tts/sample1/Template2/Emphasis/teacher-student/before.wav
Submit your project before class tomorrow.,https://huggingface.co/datasets/wizzzzzzzzz/TTS_audio/resolve/main/Parler-TTS-large-v1/sample1/Template2/Emphasis/teacher-student/class.wav
Submit your project before class tomorrow.,https://huggingface.co/datasets/wizzzzzzzzz/TTS_audio/resolve/main/Parler-TTS-mini-v1/sample1/Template2/Emphasis/teacher-student/class.wav
Submit your project before class tomorrow.,https://huggingface.co/datasets/wizzzzzzzzz/TTS_audio/resolve/main/PromptTTS++/sample1/Template2/Emphasis/teacher-student/class.wav
Submit your project before class tomorrow.,https://huggingface.co/datasets/wizzzzzzzzz/TTS_audio/resolve/main/UniAudio/sample1/Template2/Emphasis/teacher-student/class.wav
Submit your project before class tomorrow.,https://huggingface.co/datasets/wizzzzzzzzz/TTS_audio/resolve/main/gpt-4o-mini-tts/sample1/Template2/Emphasis/teacher-student/class.wav
Submit your project before class tomorrow.,https://huggingface.co/datasets/wizzzzzzzzz/TTS_audio/resolve/main/Parler-TTS-large-v1/sample1/Template2/Emphasis/teacher-student/project.wav
Submit your project before class tomorrow.,https://huggingface.co/datasets/wizzzzzzzzz/TTS_audio/resolve/main/Parler-TTS-mini-v1/sample1/Template2/Emphasis/teacher-student/project.wav
Submit your project before class tomorrow.,https://huggingface.co/datasets/wizzzzzzzzz/TTS_audio/resolve/main/PromptTTS++/sample1/Template2/Emphasis/teacher-student/project.wav
Submit your project before class tomorrow.,https://huggingface.co/datasets/wizzzzzzzzz/TTS_audio/resolve/main/UniAudio/sample1/Template2/Emphasis/teacher-student/project.wav
Submit your project before class tomorrow.,https://huggingface.co/datasets/wizzzzzzzzz/TTS_audio/resolve/main/gpt-4o-mini-tts/sample1/Template2/Emphasis/teacher-student/project.wav
Submit your project before class tomorrow.,https://huggingface.co/datasets/wizzzzzzzzz/TTS_audio/resolve/main/Parler-TTS-large-v1/sample1/Template2/Emphasis/teacher-student/submit.wav
Submit your project before class tomorrow.,https://huggingface.co/datasets/wizzzzzzzzz/TTS_audio/resolve/main/Parler-TTS-mini-v1/sample1/Template2/Emphasis/teacher-student/submit.wav
Submit your project before class tomorrow.,https://huggingface.co/datasets/wizzzzzzzzz/TTS_audio/resolve/main/PromptTTS++/sample1/Template2/Emphasis/teacher-student/submit.wav
The nearest airport is Bristol Airport.,https://huggingface.co/datasets/wizzzzzzzzz/TTS_annotation_check/resolve/main/Task3_Emphasis/audios/recorded_audio_DEz8jAt.wav
Submit your project before class tomorrow.,https://huggingface.co/datasets/wizzzzzzzzz/TTS_audio/resolve/main/UniAudio/sample1/Template2/Emphasis/teacher-student/submit.wav
Submit your project before class tomorrow.,https://huggingface.co/datasets/wizzzzzzzzz/TTS_audio/resolve/main/gpt-4o-mini-tts/sample1/Template2/Emphasis/teacher-student/submit.wav
Submit your project before class tomorrow.,https://huggingface.co/datasets/wizzzzzzzzz/TTS_audio/resolve/main/Parler-TTS-large-v1/sample1/Template2/Emphasis/teacher-student/tomorrow.wav
Submit your project before class tomorrow.,https://huggingface.co/datasets/wizzzzzzzzz/TTS_audio/resolve/main/Parler-TTS-mini-v1/sample1/Template2/Emphasis/teacher-student/tomorrow.wav
Submit your project before class tomorrow.,https://huggingface.co/datasets/wizzzzzzzzz/TTS_audio/resolve/main/PromptTTS++/sample1/Template2/Emphasis/teacher-student/tomorrow.wav
Submit your project before class tomorrow.,https://huggingface.co/datasets/wizzzzzzzzz/TTS_audio/resolve/main/UniAudio/sample1/Template2/Emphasis/teacher-student/tomorrow.wav
Submit your project before class tomorrow.,https://huggingface.co/datasets/wizzzzzzzzz/TTS_audio/resolve/main/gpt-4o-mini-tts/sample1/Template2/Emphasis/teacher-student/tomorrow.wav
Submit your project before class tomorrow.,https://huggingface.co/datasets/wizzzzzzzzz/TTS_audio/resolve/main/Parler-TTS-large-v1/sample1/Template2/Emphasis/teacher-student/your.wav
Submit your project before class tomorrow.,https://huggingface.co/datasets/wizzzzzzzzz/TTS_audio/resolve/main/Parler-TTS-mini-v1/sample1/Template2/Emphasis/teacher-student/your.wav
Submit your project before class tomorrow.,https://huggingface.co/datasets/wizzzzzzzzz/TTS_audio/resolve/main/PromptTTS++/sample1/Template2/Emphasis/teacher-student/your.wav
Submit your project before class tomorrow.,https://huggingface.co/datasets/wizzzzzzzzz/TTS_audio/resolve/main/UniAudio/sample1/Template2/Emphasis/teacher-student/your.wav
Submit your project before class tomorrow.,https://huggingface.co/datasets/wizzzzzzzzz/TTS_audio/resolve/main/gpt-4o-mini-tts/sample1/Template2/Emphasis/teacher-student/your.wav
Our meeting starts at nine sharp.,https://huggingface.co/datasets/wizzzzzzzzz/TTS_audio/resolve/main/Parler-TTS-large-v1/sample2/Template1/Emphasis/colleagues/at.wav
Our meeting starts at nine sharp.,https://huggingface.co/datasets/wizzzzzzzzz/TTS_audio/resolve/main/Parler-TTS-mini-v1/sample2/Template1/Emphasis/colleagues/at.wav
Our meeting starts at nine sharp.,https://huggingface.co/datasets/wizzzzzzzzz/TTS_audio/resolve/main/PromptTTS++/sample2/Template1/Emphasis/colleagues/at.wav
Our meeting starts at nine sharp.,https://huggingface.co/datasets/wizzzzzzzzz/TTS_audio/resolve/main/UniAudio/sample2/Template1/Emphasis/colleagues/at.wav
Our meeting starts at nine sharp.,https://huggingface.co/datasets/wizzzzzzzzz/TTS_audio/resolve/main/gpt-4o-mini-tts/sample2/Template1/Emphasis/colleagues/at.wav
Our meeting starts at nine sharp.,https://huggingface.co/datasets/wizzzzzzzzz/TTS_audio/resolve/main/Parler-TTS-large-v1/sample2/Template1/Emphasis/colleagues/meeting.wav
The couple welcomed their first child nine months into their marriage.,https://huggingface.co/datasets/wizzzzzzzzz/TTS_annotation_check/resolve/main/Task3_Emphasis/audios/recorded_audio_6pnYSyG.wav
Our meeting starts at nine sharp.,https://huggingface.co/datasets/wizzzzzzzzz/TTS_audio/resolve/main/Parler-TTS-mini-v1/sample2/Template1/Emphasis/colleagues/meeting.wav
Our meeting starts at nine sharp.,https://huggingface.co/datasets/wizzzzzzzzz/TTS_audio/resolve/main/PromptTTS++/sample2/Template1/Emphasis/colleagues/meeting.wav
Our meeting starts at nine sharp.,https://huggingface.co/datasets/wizzzzzzzzz/TTS_audio/resolve/main/UniAudio/sample2/Template1/Emphasis/colleagues/meeting.wav
Our meeting starts at nine sharp.,https://huggingface.co/datasets/wizzzzzzzzz/TTS_audio/resolve/main/gpt-4o-mini-tts/sample2/Template1/Emphasis/colleagues/meeting.wav
Our meeting starts at nine sharp.,https://huggingface.co/datasets/wizzzzzzzzz/TTS_audio/resolve/main/Parler-TTS-large-v1/sample2/Template1/Emphasis/colleagues/nine.wav
Our meeting starts at nine sharp.,https://huggingface.co/datasets/wizzzzzzzzz/TTS_audio/resolve/main/Parler-TTS-mini-v1/sample2/Template1/Emphasis/colleagues/nine.wav
Our meeting starts at nine sharp.,https://huggingface.co/datasets/wizzzzzzzzz/TTS_audio/resolve/main/PromptTTS++/sample2/Template1/Emphasis/colleagues/nine.wav
Our meeting starts at nine sharp.,https://huggingface.co/datasets/wizzzzzzzzz/TTS_audio/resolve/main/UniAudio/sample2/Template1/Emphasis/colleagues/nine.wav
Our meeting starts at nine sharp.,https://huggingface.co/datasets/wizzzzzzzzz/TTS_audio/resolve/main/gpt-4o-mini-tts/sample2/Template1/Emphasis/colleagues/nine.wav
Our meeting starts at nine sharp.,https://huggingface.co/datasets/wizzzzzzzzz/TTS_audio/resolve/main/Parler-TTS-large-v1/sample2/Template1/Emphasis/colleagues/our.wav
Our meeting starts at nine sharp.,https://huggingface.co/datasets/wizzzzzzzzz/TTS_audio/resolve/main/Parler-TTS-mini-v1/sample2/Template1/Emphasis/colleagues/our.wav
Our meeting starts at nine sharp.,https://huggingface.co/datasets/wizzzzzzzzz/TTS_audio/resolve/main/PromptTTS++/sample2/Template1/Emphasis/colleagues/our.wav
Our meeting starts at nine sharp.,https://huggingface.co/datasets/wizzzzzzzzz/TTS_audio/resolve/main/UniAudio/sample2/Template1/Emphasis/colleagues/our.wav
Our meeting starts at nine sharp.,https://huggingface.co/datasets/wizzzzzzzzz/TTS_audio/resolve/main/gpt-4o-mini-tts/sample2/Template1/Emphasis/colleagues/our.wav
Our meeting starts at nine sharp.,https://huggingface.co/datasets/wizzzzzzzzz/TTS_audio/resolve/main/Parler-TTS-large-v1/sample2/Template1/Emphasis/colleagues/sharp.wav
Our meeting starts at nine sharp.,https://huggingface.co/datasets/wizzzzzzzzz/TTS_audio/resolve/main/Parler-TTS-mini-v1/sample2/Template1/Emphasis/colleagues/sharp.wav
Our meeting starts at nine sharp.,https://huggingface.co/datasets/wizzzzzzzzz/TTS_audio/resolve/main/PromptTTS++/sample2/Template1/Emphasis/colleagues/sharp.wav
Our meeting starts at nine sharp.,https://huggingface.co/datasets/wizzzzzzzzz/TTS_audio/resolve/main/UniAudio/sample2/Template1/Emphasis/colleagues/sharp.wav
These slogans were featured in-store and in advertising.,https://huggingface.co/datasets/wizzzzzzzzz/TTS_annotation_check/resolve/main/Task3_Emphasis/audios/recorded_audio_B0R8YoW.wav
Our meeting starts at nine sharp.,https://huggingface.co/datasets/wizzzzzzzzz/TTS_audio/resolve/main/gpt-4o-mini-tts/sample2/Template1/Emphasis/colleagues/sharp.wav
Our meeting starts at nine sharp.,https://huggingface.co/datasets/wizzzzzzzzz/TTS_audio/resolve/main/Parler-TTS-large-v1/sample2/Template1/Emphasis/colleagues/starts.wav
Our meeting starts at nine sharp.,https://huggingface.co/datasets/wizzzzzzzzz/TTS_audio/resolve/main/Parler-TTS-mini-v1/sample2/Template1/Emphasis/colleagues/starts.wav
Our meeting starts at nine sharp.,https://huggingface.co/datasets/wizzzzzzzzz/TTS_audio/resolve/main/PromptTTS++/sample2/Template1/Emphasis/colleagues/starts.wav
Our meeting starts at nine sharp.,https://huggingface.co/datasets/wizzzzzzzzz/TTS_audio/resolve/main/UniAudio/sample2/Template1/Emphasis/colleagues/starts.wav
Our meeting starts at nine sharp.,https://huggingface.co/datasets/wizzzzzzzzz/TTS_audio/resolve/main/gpt-4o-mini-tts/sample2/Template1/Emphasis/colleagues/starts.wav
Your order is ready for pickup.,https://huggingface.co/datasets/wizzzzzzzzz/TTS_audio/resolve/main/Parler-TTS-large-v1/sample2/Template1/Emphasis/customer/for.wav
Your order is ready for pickup.,https://huggingface.co/datasets/wizzzzzzzzz/TTS_audio/resolve/main/Parler-TTS-mini-v1/sample2/Template1/Emphasis/customer/for.wav
Your order is ready for pickup.,https://huggingface.co/datasets/wizzzzzzzzz/TTS_audio/resolve/main/PromptTTS++/sample2/Template1/Emphasis/customer/for.wav
Your order is ready for pickup.,https://huggingface.co/datasets/wizzzzzzzzz/TTS_audio/resolve/main/UniAudio/sample2/Template1/Emphasis/customer/for.wav
Your order is ready for pickup.,https://huggingface.co/datasets/wizzzzzzzzz/TTS_audio/resolve/main/gpt-4o-mini-tts/sample2/Template1/Emphasis/customer/for.wav
Your order is ready for pickup.,https://huggingface.co/datasets/wizzzzzzzzz/TTS_audio/resolve/main/Parler-TTS-large-v1/sample2/Template1/Emphasis/customer/is.wav
Your order is ready for pickup.,https://huggingface.co/datasets/wizzzzzzzzz/TTS_audio/resolve/main/Parler-TTS-mini-v1/sample2/Template1/Emphasis/customer/is.wav
Your order is ready for pickup.,https://huggingface.co/datasets/wizzzzzzzzz/TTS_audio/resolve/main/PromptTTS++/sample2/Template1/Emphasis/customer/is.wav
Your order is ready for pickup.,https://huggingface.co/datasets/wizzzzzzzzz/TTS_audio/resolve/main/UniAudio/sample2/Template1/Emphasis/customer/is.wav
Your order is ready for pickup.,https://huggingface.co/datasets/wizzzzzzzzz/TTS_audio/resolve/main/gpt-4o-mini-tts/sample2/Template1/Emphasis/customer/is.wav
Your order is ready for pickup.,https://huggingface.co/datasets/wizzzzzzzzz/TTS_audio/resolve/main/Parler-TTS-large-v1/sample2/Template1/Emphasis/customer/order.wav
Your order is ready for pickup.,https://huggingface.co/datasets/wizzzzzzzzz/TTS_audio/resolve/main/Parler-TTS-mini-v1/sample2/Template1/Emphasis/customer/order.wav
Their daughter Orla is married with one child herself.,https://huggingface.co/datasets/wizzzzzzzzz/TTS_annotation_check/resolve/main/Task3_Emphasis/audios/recorded_audio_rFCCrwX.wav
Your order is ready for pickup.,https://huggingface.co/datasets/wizzzzzzzzz/TTS_audio/resolve/main/PromptTTS++/sample2/Template1/Emphasis/customer/order.wav
Your order is ready for pickup.,https://huggingface.co/datasets/wizzzzzzzzz/TTS_audio/resolve/main/UniAudio/sample2/Template1/Emphasis/customer/order.wav
Your order is ready for pickup.,https://huggingface.co/datasets/wizzzzzzzzz/TTS_audio/resolve/main/gpt-4o-mini-tts/sample2/Template1/Emphasis/customer/order.wav
Your order is ready for pickup.,https://huggingface.co/datasets/wizzzzzzzzz/TTS_audio/resolve/main/Parler-TTS-large-v1/sample2/Template1/Emphasis/customer/pickup.wav
Your order is ready for pickup.,https://huggingface.co/datasets/wizzzzzzzzz/TTS_audio/resolve/main/Parler-TTS-mini-v1/sample2/Template1/Emphasis/customer/pickup.wav
Your order is ready for pickup.,https://huggingface.co/datasets/wizzzzzzzzz/TTS_audio/resolve/main/PromptTTS++/sample2/Template1/Emphasis/customer/pickup.wav
Your order is ready for pickup.,https://huggingface.co/datasets/wizzzzzzzzz/TTS_audio/resolve/main/UniAudio/sample2/Template1/Emphasis/customer/pickup.wav
Your order is ready for pickup.,https://huggingface.co/datasets/wizzzzzzzzz/TTS_audio/resolve/main/gpt-4o-mini-tts/sample2/Template1/Emphasis/customer/pickup.wav
Your order is ready for pickup.,https://huggingface.co/datasets/wizzzzzzzzz/TTS_audio/resolve/main/Parler-TTS-large-v1/sample2/Template1/Emphasis/customer/ready.wav
Your order is ready for pickup.,https://huggingface.co/datasets/wizzzzzzzzz/TTS_audio/resolve/main/Parler-TTS-mini-v1/sample2/Template1/Emphasis/customer/ready.wav
Your order is ready for pickup.,https://huggingface.co/datasets/wizzzzzzzzz/TTS_audio/resolve/main/PromptTTS++/sample2/Template1/Emphasis/customer/ready.wav
Your order is ready for pickup.,https://huggingface.co/datasets/wizzzzzzzzz/TTS_audio/resolve/main/UniAudio/sample2/Template1/Emphasis/customer/ready.wav
Your order is ready for pickup.,https://huggingface.co/datasets/wizzzzzzzzz/TTS_audio/resolve/main/gpt-4o-mini-tts/sample2/Template1/Emphasis/customer/ready.wav
Your order is ready for pickup.,https://huggingface.co/datasets/wizzzzzzzzz/TTS_audio/resolve/main/Parler-TTS-large-v1/sample2/Template1/Emphasis/customer/your.wav
Your order is ready for pickup.,https://huggingface.co/datasets/wizzzzzzzzz/TTS_audio/resolve/main/Parler-TTS-mini-v1/sample2/Template1/Emphasis/customer/your.wav
Your order is ready for pickup.,https://huggingface.co/datasets/wizzzzzzzzz/TTS_audio/resolve/main/PromptTTS++/sample2/Template1/Emphasis/customer/your.wav
Your order is ready for pickup.,https://huggingface.co/datasets/wizzzzzzzzz/TTS_audio/resolve/main/UniAudio/sample2/Template1/Emphasis/customer/your.wav
Your order is ready for pickup.,https://huggingface.co/datasets/wizzzzzzzzz/TTS_audio/resolve/main/gpt-4o-mini-tts/sample2/Template1/Emphasis/customer/your.wav
The president of the front was Mamadou Dia.,https://huggingface.co/datasets/wizzzzzzzzz/TTS_annotation_check/resolve/main/Task3_Emphasis/audios/recorded_audio_DvWfwDl.wav
You always make breakfast on Sundays.,https://huggingface.co/datasets/wizzzzzzzzz/TTS_audio/resolve/main/Parler-TTS-large-v1/sample2/Template1/Emphasis/family/always.wav
You always make breakfast on Sundays.,https://huggingface.co/datasets/wizzzzzzzzz/TTS_audio/resolve/main/Parler-TTS-mini-v1/sample2/Template1/Emphasis/family/always.wav
You always make breakfast on Sundays.,https://huggingface.co/datasets/wizzzzzzzzz/TTS_audio/resolve/main/PromptTTS++/sample2/Template1/Emphasis/family/always.wav
You always make breakfast on Sundays.,https://huggingface.co/datasets/wizzzzzzzzz/TTS_audio/resolve/main/UniAudio/sample2/Template1/Emphasis/family/always.wav
You always make breakfast on Sundays.,https://huggingface.co/datasets/wizzzzzzzzz/TTS_audio/resolve/main/gpt-4o-mini-tts/sample2/Template1/Emphasis/family/always.wav
You always make breakfast on Sundays.,https://huggingface.co/datasets/wizzzzzzzzz/TTS_audio/resolve/main/Parler-TTS-large-v1/sample2/Template1/Emphasis/family/breakfast.wav
You always make breakfast on Sundays.,https://huggingface.co/datasets/wizzzzzzzzz/TTS_audio/resolve/main/Parler-TTS-mini-v1/sample2/Template1/Emphasis/family/breakfast.wav
You always make breakfast on Sundays.,https://huggingface.co/datasets/wizzzzzzzzz/TTS_audio/resolve/main/PromptTTS++/sample2/Template1/Emphasis/family/breakfast.wav
You always make breakfast on Sundays.,https://huggingface.co/datasets/wizzzzzzzzz/TTS_audio/resolve/main/UniAudio/sample2/Template1/Emphasis/family/breakfast.wav
You always make breakfast on Sundays.,https://huggingface.co/datasets/wizzzzzzzzz/TTS_audio/resolve/main/gpt-4o-mini-tts/sample2/Template1/Emphasis/family/breakfast.wav
You always make breakfast on Sundays.,https://huggingface.co/datasets/wizzzzzzzzz/TTS_audio/resolve/main/Parler-TTS-large-v1/sample2/Template1/Emphasis/family/make.wav
You always make breakfast on Sundays.,https://huggingface.co/datasets/wizzzzzzzzz/TTS_audio/resolve/main/Parler-TTS-mini-v1/sample2/Template1/Emphasis/family/make.wav
You always make breakfast on Sundays.,https://huggingface.co/datasets/wizzzzzzzzz/TTS_audio/resolve/main/PromptTTS++/sample2/Template1/Emphasis/family/make.wav
You always make breakfast on Sundays.,https://huggingface.co/datasets/wizzzzzzzzz/TTS_audio/resolve/main/UniAudio/sample2/Template1/Emphasis/family/make.wav
You always make breakfast on Sundays.,https://huggingface.co/datasets/wizzzzzzzzz/TTS_audio/resolve/main/gpt-4o-mini-tts/sample2/Template1/Emphasis/family/make.wav
You always make breakfast on Sundays.,https://huggingface.co/datasets/wizzzzzzzzz/TTS_audio/resolve/main/Parler-TTS-large-v1/sample2/Template1/Emphasis/family/on.wav
You always make breakfast on Sundays.,https://huggingface.co/datasets/wizzzzzzzzz/TTS_audio/resolve/main/Parler-TTS-mini-v1/sample2/Template1/Emphasis/family/on.wav
You always make breakfast on Sundays.,https://huggingface.co/datasets/wizzzzzzzzz/TTS_audio/resolve/main/PromptTTS++/sample2/Template1/Emphasis/family/on.wav
The town has clear views of Kanchenjunga and Siniolchu.,https://huggingface.co/datasets/wizzzzzzzzz/TTS_annotation_check/resolve/main/Task3_Emphasis/audios/recorded_audio_iTPcsQe.wav
You always make breakfast on Sundays.,https://huggingface.co/datasets/wizzzzzzzzz/TTS_audio/resolve/main/UniAudio/sample2/Template1/Emphasis/family/on.wav
You always make breakfast on Sundays.,https://huggingface.co/datasets/wizzzzzzzzz/TTS_audio/resolve/main/gpt-4o-mini-tts/sample2/Template1/Emphasis/family/on.wav
You always make breakfast on Sundays.,https://huggingface.co/datasets/wizzzzzzzzz/TTS_audio/resolve/main/Parler-TTS-large-v1/sample2/Template1/Emphasis/family/sundays.wav
You always make breakfast on Sundays.,https://huggingface.co/datasets/wizzzzzzzzz/TTS_audio/resolve/main/Parler-TTS-mini-v1/sample2/Template1/Emphasis/family/sundays.wav
You always make breakfast on Sundays.,https://huggingface.co/datasets/wizzzzzzzzz/TTS_audio/resolve/main/PromptTTS++/sample2/Template1/Emphasis/family/sundays.wav
You always make breakfast on Sundays.,https://huggingface.co/datasets/wizzzzzzzzz/TTS_audio/resolve/main/UniAudio/sample2/Template1/Emphasis/family/sundays.wav
You always make breakfast on Sundays.,https://huggingface.co/datasets/wizzzzzzzzz/TTS_audio/resolve/main/gpt-4o-mini-tts/sample2/Template1/Emphasis/family/sundays.wav
You always make breakfast on Sundays.,https://huggingface.co/datasets/wizzzzzzzzz/TTS_audio/resolve/main/Parler-TTS-large-v1/sample2/Template1/Emphasis/family/you.wav
You always make breakfast on Sundays.,https://huggingface.co/datasets/wizzzzzzzzz/TTS_audio/resolve/main/Parler-TTS-mini-v1/sample2/Template1/Emphasis/family/you.wav
You always make breakfast on Sundays.,https://huggingface.co/datasets/wizzzzzzzzz/TTS_audio/resolve/main/PromptTTS++/sample2/Template1/Emphasis/family/you.wav
You always make breakfast on Sundays.,https://huggingface.co/datasets/wizzzzzzzzz/TTS_audio/resolve/main/UniAudio/sample2/Template1/Emphasis/family/you.wav
You always make breakfast on Sundays.,https://huggingface.co/datasets/wizzzzzzzzz/TTS_audio/resolve/main/gpt-4o-mini-tts/sample2/Template1/Emphasis/family/you.wav
Let's explore downtown tonight without plans.,https://huggingface.co/datasets/wizzzzzzzzz/TTS_audio/resolve/main/Parler-TTS-large-v1/sample2/Template1/Emphasis/friends/downtown.wav
Let's explore downtown tonight without plans.,https://huggingface.co/datasets/wizzzzzzzzz/TTS_audio/resolve/main/Parler-TTS-mini-v1/sample2/Template1/Emphasis/friends/downtown.wav
Let's explore downtown tonight without plans.,https://huggingface.co/datasets/wizzzzzzzzz/TTS_audio/resolve/main/PromptTTS++/sample2/Template1/Emphasis/friends/downtown.wav
Let's explore downtown tonight without plans.,https://huggingface.co/datasets/wizzzzzzzzz/TTS_audio/resolve/main/UniAudio/sample2/Template1/Emphasis/friends/downtown.wav
Let's explore downtown tonight without plans.,https://huggingface.co/datasets/wizzzzzzzzz/TTS_audio/resolve/main/gpt-4o-mini-tts/sample2/Template1/Emphasis/friends/downtown.wav
Let's explore downtown tonight without plans.,https://huggingface.co/datasets/wizzzzzzzzz/TTS_audio/resolve/main/Parler-TTS-large-v1/sample2/Template1/Emphasis/friends/explore.wav
"Right, well let's poke around his lab a little.",https://huggingface.co/datasets/wizzzzzzzzz/TTS_annotation_check/resolve/main/Task3_Emphasis/audios/recorded_audio_2L15dOV.wav
Let's explore downtown tonight without plans.,https://huggingface.co/datasets/wizzzzzzzzz/TTS_audio/resolve/main/Parler-TTS-mini-v1/sample2/Template1/Emphasis/friends/explore.wav
Let's explore downtown tonight without plans.,https://huggingface.co/datasets/wizzzzzzzzz/TTS_audio/resolve/main/PromptTTS++/sample2/Template1/Emphasis/friends/explore.wav
Let's explore downtown tonight without plans.,https://huggingface.co/datasets/wizzzzzzzzz/TTS_audio/resolve/main/UniAudio/sample2/Template1/Emphasis/friends/explore.wav
Let's explore downtown tonight without plans.,https://huggingface.co/datasets/wizzzzzzzzz/TTS_audio/resolve/main/gpt-4o-mini-tts/sample2/Template1/Emphasis/friends/explore.wav
Let's explore downtown tonight without plans.,https://huggingface.co/datasets/wizzzzzzzzz/TTS_audio/resolve/main/Parler-TTS-large-v1/sample2/Template1/Emphasis/friends/let's.wav
Let's explore downtown tonight without plans.,https://huggingface.co/datasets/wizzzzzzzzz/TTS_audio/resolve/main/Parler-TTS-mini-v1/sample2/Template1/Emphasis/friends/let's.wav
Let's explore downtown tonight without plans.,https://huggingface.co/datasets/wizzzzzzzzz/TTS_audio/resolve/main/PromptTTS++/sample2/Template1/Emphasis/friends/let's.wav
Let's explore downtown tonight without plans.,https://huggingface.co/datasets/wizzzzzzzzz/TTS_audio/resolve/main/UniAudio/sample2/Template1/Emphasis/friends/let's.wav
Let's explore downtown tonight without plans.,https://huggingface.co/datasets/wizzzzzzzzz/TTS_audio/resolve/main/gpt-4o-mini-tts/sample2/Template1/Emphasis/friends/let's.wav
Let's explore downtown tonight without plans.,https://huggingface.co/datasets/wizzzzzzzzz/TTS_audio/resolve/main/Parler-TTS-large-v1/sample2/Template1/Emphasis/friends/plans.wav
Let's explore downtown tonight without plans.,https://huggingface.co/datasets/wizzzzzzzzz/TTS_audio/resolve/main/Parler-TTS-mini-v1/sample2/Template1/Emphasis/friends/plans.wav
Let's explore downtown tonight without plans.,https://huggingface.co/datasets/wizzzzzzzzz/TTS_audio/resolve/main/PromptTTS++/sample2/Template1/Emphasis/friends/plans.wav
Let's explore downtown tonight without plans.,https://huggingface.co/datasets/wizzzzzzzzz/TTS_audio/resolve/main/UniAudio/sample2/Template1/Emphasis/friends/plans.wav
Let's explore downtown tonight without plans.,https://huggingface.co/datasets/wizzzzzzzzz/TTS_audio/resolve/main/gpt-4o-mini-tts/sample2/Template1/Emphasis/friends/plans.wav
Let's explore downtown tonight without plans.,https://huggingface.co/datasets/wizzzzzzzzz/TTS_audio/resolve/main/Parler-TTS-large-v1/sample2/Template1/Emphasis/friends/tonight.wav
Let's explore downtown tonight without plans.,https://huggingface.co/datasets/wizzzzzzzzz/TTS_audio/resolve/main/Parler-TTS-mini-v1/sample2/Template1/Emphasis/friends/tonight.wav
Let's explore downtown tonight without plans.,https://huggingface.co/datasets/wizzzzzzzzz/TTS_audio/resolve/main/PromptTTS++/sample2/Template1/Emphasis/friends/tonight.wav
Let's explore downtown tonight without plans.,https://huggingface.co/datasets/wizzzzzzzzz/TTS_audio/resolve/main/UniAudio/sample2/Template1/Emphasis/friends/tonight.wav
"It was critically acclaimed, winning many honors.",https://huggingface.co/datasets/wizzzzzzzzz/TTS_annotation_check/resolve/main/Task3_Emphasis/audios/recorded_audio_ReYyexr.wav
Let's explore downtown tonight without plans.,https://huggingface.co/datasets/wizzzzzzzzz/TTS_audio/resolve/main/gpt-4o-mini-tts/sample2/Template1/Emphasis/friends/tonight.wav
Let's explore downtown tonight without plans.,https://huggingface.co/datasets/wizzzzzzzzz/TTS_audio/resolve/main/Parler-TTS-large-v1/sample2/Template1/Emphasis/friends/without.wav
Let's explore downtown tonight without plans.,https://huggingface.co/datasets/wizzzzzzzzz/TTS_audio/resolve/main/Parler-TTS-mini-v1/sample2/Template1/Emphasis/friends/without.wav
Let's explore downtown tonight without plans.,https://huggingface.co/datasets/wizzzzzzzzz/TTS_audio/resolve/main/PromptTTS++/sample2/Template1/Emphasis/friends/without.wav
Let's explore downtown tonight without plans.,https://huggingface.co/datasets/wizzzzzzzzz/TTS_audio/resolve/main/UniAudio/sample2/Template1/Emphasis/friends/without.wav
Let's explore downtown tonight without plans.,https://huggingface.co/datasets/wizzzzzzzzz/TTS_audio/resolve/main/gpt-4o-mini-tts/sample2/Template1/Emphasis/friends/without.wav
I adore every moment with you.,https://huggingface.co/datasets/wizzzzzzzzz/TTS_audio/resolve/main/Parler-TTS-large-v1/sample2/Template1/Emphasis/lover/adore.wav
I adore every moment with you.,https://huggingface.co/datasets/wizzzzzzzzz/TTS_audio/resolve/main/Parler-TTS-mini-v1/sample2/Template1/Emphasis/lover/adore.wav
I adore every moment with you.,https://huggingface.co/datasets/wizzzzzzzzz/TTS_audio/resolve/main/PromptTTS++/sample2/Template1/Emphasis/lover/adore.wav
I adore every moment with you.,https://huggingface.co/datasets/wizzzzzzzzz/TTS_audio/resolve/main/UniAudio/sample2/Template1/Emphasis/lover/adore.wav
I adore every moment with you.,https://huggingface.co/datasets/wizzzzzzzzz/TTS_audio/resolve/main/gpt-4o-mini-tts/sample2/Template1/Emphasis/lover/adore.wav
I adore every moment with you.,https://huggingface.co/datasets/wizzzzzzzzz/TTS_audio/resolve/main/Parler-TTS-large-v1/sample2/Template1/Emphasis/lover/every.wav
I adore every moment with you.,https://huggingface.co/datasets/wizzzzzzzzz/TTS_audio/resolve/main/Parler-TTS-mini-v1/sample2/Template1/Emphasis/lover/every.wav
I adore every moment with you.,https://huggingface.co/datasets/wizzzzzzzzz/TTS_audio/resolve/main/PromptTTS++/sample2/Template1/Emphasis/lover/every.wav
I adore every moment with you.,https://huggingface.co/datasets/wizzzzzzzzz/TTS_audio/resolve/main/UniAudio/sample2/Template1/Emphasis/lover/every.wav
I adore every moment with you.,https://huggingface.co/datasets/wizzzzzzzzz/TTS_audio/resolve/main/gpt-4o-mini-tts/sample2/Template1/Emphasis/lover/every.wav
I adore every moment with you.,https://huggingface.co/datasets/wizzzzzzzzz/TTS_audio/resolve/main/Parler-TTS-large-v1/sample2/Template1/Emphasis/lover/i.wav
I adore every moment with you.,https://huggingface.co/datasets/wizzzzzzzzz/TTS_audio/resolve/main/Parler-TTS-mini-v1/sample2/Template1/Emphasis/lover/i.wav
The film also stars Olivier Gourmet and Serge Riaboukine.,https://huggingface.co/datasets/wizzzzzzzzz/TTS_annotation_check/resolve/main/Task3_Emphasis/audios/recorded_audio_HvVRmTD.wav
I adore every moment with you.,https://huggingface.co/datasets/wizzzzzzzzz/TTS_audio/resolve/main/PromptTTS++/sample2/Template1/Emphasis/lover/i.wav
I adore every moment with you.,https://huggingface.co/datasets/wizzzzzzzzz/TTS_audio/resolve/main/UniAudio/sample2/Template1/Emphasis/lover/i.wav
I adore every moment with you.,https://huggingface.co/datasets/wizzzzzzzzz/TTS_audio/resolve/main/gpt-4o-mini-tts/sample2/Template1/Emphasis/lover/i.wav
I adore every moment with you.,https://huggingface.co/datasets/wizzzzzzzzz/TTS_audio/resolve/main/Parler-TTS-large-v1/sample2/Template1/Emphasis/lover/moment.wav
I adore every moment with you.,https://huggingface.co/datasets/wizzzzzzzzz/TTS_audio/resolve/main/Parler-TTS-mini-v1/sample2/Template1/Emphasis/lover/moment.wav
I adore every moment with you.,https://huggingface.co/datasets/wizzzzzzzzz/TTS_audio/resolve/main/PromptTTS++/sample2/Template1/Emphasis/lover/moment.wav
I adore every moment with you.,https://huggingface.co/datasets/wizzzzzzzzz/TTS_audio/resolve/main/UniAudio/sample2/Template1/Emphasis/lover/moment.wav
I adore every moment with you.,https://huggingface.co/datasets/wizzzzzzzzz/TTS_audio/resolve/main/gpt-4o-mini-tts/sample2/Template1/Emphasis/lover/moment.wav
I adore every moment with you.,https://huggingface.co/datasets/wizzzzzzzzz/TTS_audio/resolve/main/Parler-TTS-large-v1/sample2/Template1/Emphasis/lover/with.wav
I adore every moment with you.,https://huggingface.co/datasets/wizzzzzzzzz/TTS_audio/resolve/main/Parler-TTS-mini-v1/sample2/Template1/Emphasis/lover/with.wav
I adore every moment with you.,https://huggingface.co/datasets/wizzzzzzzzz/TTS_audio/resolve/main/PromptTTS++/sample2/Template1/Emphasis/lover/with.wav
I adore every moment with you.,https://huggingface.co/datasets/wizzzzzzzzz/TTS_audio/resolve/main/UniAudio/sample2/Template1/Emphasis/lover/with.wav
I adore every moment with you.,https://huggingface.co/datasets/wizzzzzzzzz/TTS_audio/resolve/main/gpt-4o-mini-tts/sample2/Template1/Emphasis/lover/with.wav
I adore every moment with you.,https://huggingface.co/datasets/wizzzzzzzzz/TTS_audio/resolve/main/Parler-TTS-large-v1/sample2/Template1/Emphasis/lover/you.wav
I adore every moment with you.,https://huggingface.co/datasets/wizzzzzzzzz/TTS_audio/resolve/main/Parler-TTS-mini-v1/sample2/Template1/Emphasis/lover/you.wav
I adore every moment with you.,https://huggingface.co/datasets/wizzzzzzzzz/TTS_audio/resolve/main/PromptTTS++/sample2/Template1/Emphasis/lover/you.wav
I adore every moment with you.,https://huggingface.co/datasets/wizzzzzzzzz/TTS_audio/resolve/main/UniAudio/sample2/Template1/Emphasis/lover/you.wav
I adore every moment with you.,https://huggingface.co/datasets/wizzzzzzzzz/TTS_audio/resolve/main/gpt-4o-mini-tts/sample2/Template1/Emphasis/lover/you.wav
The party's current leader is Elizabeth Hanson.,https://huggingface.co/datasets/wizzzzzzzzz/TTS_annotation_check/resolve/main/Task3_Emphasis/audios/recorded_audio_R35s78l.wav
Please return my gardening tools soon.,https://huggingface.co/datasets/wizzzzzzzzz/TTS_audio/resolve/main/Parler-TTS-large-v1/sample2/Template1/Emphasis/neighbor/gardening.wav
Please return my gardening tools soon.,https://huggingface.co/datasets/wizzzzzzzzz/TTS_audio/resolve/main/Parler-TTS-mini-v1/sample2/Template1/Emphasis/neighbor/gardening.wav
Please return my gardening tools soon.,https://huggingface.co/datasets/wizzzzzzzzz/TTS_audio/resolve/main/PromptTTS++/sample2/Template1/Emphasis/neighbor/gardening.wav
Please return my gardening tools soon.,https://huggingface.co/datasets/wizzzzzzzzz/TTS_audio/resolve/main/UniAudio/sample2/Template1/Emphasis/neighbor/gardening.wav
Please return my gardening tools soon.,https://huggingface.co/datasets/wizzzzzzzzz/TTS_audio/resolve/main/gpt-4o-mini-tts/sample2/Template1/Emphasis/neighbor/gardening.wav
Please return my gardening tools soon.,https://huggingface.co/datasets/wizzzzzzzzz/TTS_audio/resolve/main/Parler-TTS-large-v1/sample2/Template1/Emphasis/neighbor/my.wav
Please return my gardening tools soon.,https://huggingface.co/datasets/wizzzzzzzzz/TTS_audio/resolve/main/Parler-TTS-mini-v1/sample2/Template1/Emphasis/neighbor/my.wav
Please return my gardening tools soon.,https://huggingface.co/datasets/wizzzzzzzzz/TTS_audio/resolve/main/PromptTTS++/sample2/Template1/Emphasis/neighbor/my.wav
Please return my gardening tools soon.,https://huggingface.co/datasets/wizzzzzzzzz/TTS_audio/resolve/main/UniAudio/sample2/Template1/Emphasis/neighbor/my.wav
Please return my gardening tools soon.,https://huggingface.co/datasets/wizzzzzzzzz/TTS_audio/resolve/main/gpt-4o-mini-tts/sample2/Template1/Emphasis/neighbor/my.wav
Please return my gardening tools soon.,https://huggingface.co/datasets/wizzzzzzzzz/TTS_audio/resolve/main/Parler-TTS-large-v1/sample2/Template1/Emphasis/neighbor/please.wav
Please return my gardening tools soon.,https://huggingface.co/datasets/wizzzzzzzzz/TTS_audio/resolve/main/Parler-TTS-mini-v1/sample2/Template1/Emphasis/neighbor/please.wav
Please return my gardening tools soon.,https://huggingface.co/datasets/wizzzzzzzzz/TTS_audio/resolve/main/PromptTTS++/sample2/Template1/Emphasis/neighbor/please.wav
Please return my gardening tools soon.,https://huggingface.co/datasets/wizzzzzzzzz/TTS_audio/resolve/main/UniAudio/sample2/Template1/Emphasis/neighbor/please.wav
Please return my gardening tools soon.,https://huggingface.co/datasets/wizzzzzzzzz/TTS_audio/resolve/main/gpt-4o-mini-tts/sample2/Template1/Emphasis/neighbor/please.wav
Please return my gardening tools soon.,https://huggingface.co/datasets/wizzzzzzzzz/TTS_audio/resolve/main/Parler-TTS-large-v1/sample2/Template1/Emphasis/neighbor/return.wav
Please return my gardening tools soon.,https://huggingface.co/datasets/wizzzzzzzzz/TTS_audio/resolve/main/Parler-TTS-mini-v1/sample2/Template1/Emphasis/neighbor/return.wav
Please return my gardening tools soon.,https://huggingface.co/datasets/wizzzzzzzzz/TTS_audio/resolve/main/PromptTTS++/sample2/Template1/Emphasis/neighbor/return.wav
McMahon resigned soon afterward.,https://huggingface.co/datasets/wizzzzzzzzz/TTS_annotation_check/resolve/main/Task3_Emphasis/audios/recorded_audio_wdm2Rvd.wav
Please return my gardening tools soon.,https://huggingface.co/datasets/wizzzzzzzzz/TTS_audio/resolve/main/UniAudio/sample2/Template1/Emphasis/neighbor/return.wav
Please return my gardening tools soon.,https://huggingface.co/datasets/wizzzzzzzzz/TTS_audio/resolve/main/gpt-4o-mini-tts/sample2/Template1/Emphasis/neighbor/return.wav
Please return my gardening tools soon.,https://huggingface.co/datasets/wizzzzzzzzz/TTS_audio/resolve/main/Parler-TTS-large-v1/sample2/Template1/Emphasis/neighbor/soon.wav
Please return my gardening tools soon.,https://huggingface.co/datasets/wizzzzzzzzz/TTS_audio/resolve/main/Parler-TTS-mini-v1/sample2/Template1/Emphasis/neighbor/soon.wav
Please return my gardening tools soon.,https://huggingface.co/datasets/wizzzzzzzzz/TTS_audio/resolve/main/PromptTTS++/sample2/Template1/Emphasis/neighbor/soon.wav
Please return my gardening tools soon.,https://huggingface.co/datasets/wizzzzzzzzz/TTS_audio/resolve/main/UniAudio/sample2/Template1/Emphasis/neighbor/soon.wav
Please return my gardening tools soon.,https://huggingface.co/datasets/wizzzzzzzzz/TTS_audio/resolve/main/gpt-4o-mini-tts/sample2/Template1/Emphasis/neighbor/soon.wav
Please return my gardening tools soon.,https://huggingface.co/datasets/wizzzzzzzzz/TTS_audio/resolve/main/Parler-TTS-large-v1/sample2/Template1/Emphasis/neighbor/tools.wav
Please return my gardening tools soon.,https://huggingface.co/datasets/wizzzzzzzzz/TTS_audio/resolve/main/Parler-TTS-mini-v1/sample2/Template1/Emphasis/neighbor/tools.wav
Please return my gardening tools soon.,https://huggingface.co/datasets/wizzzzzzzzz/TTS_audio/resolve/main/PromptTTS++/sample2/Template1/Emphasis/neighbor/tools.wav
Please return my gardening tools soon.,https://huggingface.co/datasets/wizzzzzzzzz/TTS_audio/resolve/main/UniAudio/sample2/Template1/Emphasis/neighbor/tools.wav
Please return my gardening tools soon.,https://huggingface.co/datasets/wizzzzzzzzz/TTS_audio/resolve/main/gpt-4o-mini-tts/sample2/Template1/Emphasis/neighbor/tools.wav
You might borrow my car later.,https://huggingface.co/datasets/wizzzzzzzzz/TTS_audio/resolve/main/Parler-TTS-large-v1/sample2/Template1/Emphasis/sibling/borrow.wav
You might borrow my car later.,https://huggingface.co/datasets/wizzzzzzzzz/TTS_audio/resolve/main/Parler-TTS-mini-v1/sample2/Template1/Emphasis/sibling/borrow.wav
You might borrow my car later.,https://huggingface.co/datasets/wizzzzzzzzz/TTS_audio/resolve/main/PromptTTS++/sample2/Template1/Emphasis/sibling/borrow.wav
You might borrow my car later.,https://huggingface.co/datasets/wizzzzzzzzz/TTS_audio/resolve/main/UniAudio/sample2/Template1/Emphasis/sibling/borrow.wav
You might borrow my car later.,https://huggingface.co/datasets/wizzzzzzzzz/TTS_audio/resolve/main/gpt-4o-mini-tts/sample2/Template1/Emphasis/sibling/borrow.wav
You might borrow my car later.,https://huggingface.co/datasets/wizzzzzzzzz/TTS_audio/resolve/main/Parler-TTS-large-v1/sample2/Template1/Emphasis/sibling/car.wav
One family supplied many of Hatfield's physicians for generations.,https://huggingface.co/datasets/wizzzzzzzzz/TTS_annotation_check/resolve/main/Task3_Emphasis/audios/recorded_audio_RVZmdsi.wav
You might borrow my car later.,https://huggingface.co/datasets/wizzzzzzzzz/TTS_audio/resolve/main/Parler-TTS-mini-v1/sample2/Template1/Emphasis/sibling/car.wav
You might borrow my car later.,https://huggingface.co/datasets/wizzzzzzzzz/TTS_audio/resolve/main/PromptTTS++/sample2/Template1/Emphasis/sibling/car.wav
You might borrow my car later.,https://huggingface.co/datasets/wizzzzzzzzz/TTS_audio/resolve/main/UniAudio/sample2/Template1/Emphasis/sibling/car.wav
You might borrow my car later.,https://huggingface.co/datasets/wizzzzzzzzz/TTS_audio/resolve/main/gpt-4o-mini-tts/sample2/Template1/Emphasis/sibling/car.wav
You might borrow my car later.,https://huggingface.co/datasets/wizzzzzzzzz/TTS_audio/resolve/main/Parler-TTS-large-v1/sample2/Template1/Emphasis/sibling/later.wav
You might borrow my car later.,https://huggingface.co/datasets/wizzzzzzzzz/TTS_audio/resolve/main/Parler-TTS-mini-v1/sample2/Template1/Emphasis/sibling/later.wav
You might borrow my car later.,https://huggingface.co/datasets/wizzzzzzzzz/TTS_audio/resolve/main/PromptTTS++/sample2/Template1/Emphasis/sibling/later.wav
You might borrow my car later.,https://huggingface.co/datasets/wizzzzzzzzz/TTS_audio/resolve/main/UniAudio/sample2/Template1/Emphasis/sibling/later.wav
You might borrow my car later.,https://huggingface.co/datasets/wizzzzzzzzz/TTS_audio/resolve/main/gpt-4o-mini-tts/sample2/Template1/Emphasis/sibling/later.wav
You might borrow my car later.,https://huggingface.co/datasets/wizzzzzzzzz/TTS_audio/resolve/main/Parler-TTS-large-v1/sample2/Template1/Emphasis/sibling/might.wav
You might borrow my car later.,https://huggingface.co/datasets/wizzzzzzzzz/TTS_audio/resolve/main/Parler-TTS-mini-v1/sample2/Template1/Emphasis/sibling/might.wav
You might borrow my car later.,https://huggingface.co/datasets/wizzzzzzzzz/TTS_audio/resolve/main/PromptTTS++/sample2/Template1/Emphasis/sibling/might.wav
You might borrow my car later.,https://huggingface.co/datasets/wizzzzzzzzz/TTS_audio/resolve/main/UniAudio/sample2/Template1/Emphasis/sibling/might.wav
You might borrow my car later.,https://huggingface.co/datasets/wizzzzzzzzz/TTS_audio/resolve/main/gpt-4o-mini-tts/sample2/Template1/Emphasis/sibling/might.wav
You might borrow my car later.,https://huggingface.co/datasets/wizzzzzzzzz/TTS_audio/resolve/main/Parler-TTS-large-v1/sample2/Template1/Emphasis/sibling/my.wav
You might borrow my car later.,https://huggingface.co/datasets/wizzzzzzzzz/TTS_audio/resolve/main/Parler-TTS-mini-v1/sample2/Template1/Emphasis/sibling/my.wav
You might borrow my car later.,https://huggingface.co/datasets/wizzzzzzzzz/TTS_audio/resolve/main/PromptTTS++/sample2/Template1/Emphasis/sibling/my.wav
You might borrow my car later.,https://huggingface.co/datasets/wizzzzzzzzz/TTS_audio/resolve/main/UniAudio/sample2/Template1/Emphasis/sibling/my.wav
"Meanwhile, the president would be elected by a mixture of the two modes.",https://huggingface.co/datasets/wizzzzzzzzz/TTS_annotation_check/resolve/main/Task3_Emphasis/audios/recorded_audio_Ot3mcLJ.wav
You might borrow my car later.,https://huggingface.co/datasets/wizzzzzzzzz/TTS_audio/resolve/main/gpt-4o-mini-tts/sample2/Template1/Emphasis/sibling/my.wav
You might borrow my car later.,https://huggingface.co/datasets/wizzzzzzzzz/TTS_audio/resolve/main/Parler-TTS-large-v1/sample2/Template1/Emphasis/sibling/you.wav
You might borrow my car later.,https://huggingface.co/datasets/wizzzzzzzzz/TTS_audio/resolve/main/Parler-TTS-mini-v1/sample2/Template1/Emphasis/sibling/you.wav
You might borrow my car later.,https://huggingface.co/datasets/wizzzzzzzzz/TTS_audio/resolve/main/PromptTTS++/sample2/Template1/Emphasis/sibling/you.wav
You might borrow my car later.,https://huggingface.co/datasets/wizzzzzzzzz/TTS_audio/resolve/main/UniAudio/sample2/Template1/Emphasis/sibling/you.wav
You might borrow my car later.,https://huggingface.co/datasets/wizzzzzzzzz/TTS_audio/resolve/main/gpt-4o-mini-tts/sample2/Template1/Emphasis/sibling/you.wav
Submit your project before class tomorrow.,https://huggingface.co/datasets/wizzzzzzzzz/TTS_audio/resolve/main/Parler-TTS-large-v1/sample2/Template1/Emphasis/teacher-student/before.wav
Submit your project before class tomorrow.,https://huggingface.co/datasets/wizzzzzzzzz/TTS_audio/resolve/main/Parler-TTS-mini-v1/sample2/Template1/Emphasis/teacher-student/before.wav
Submit your project before class tomorrow.,https://huggingface.co/datasets/wizzzzzzzzz/TTS_audio/resolve/main/PromptTTS++/sample2/Template1/Emphasis/teacher-student/before.wav
Submit your project before class tomorrow.,https://huggingface.co/datasets/wizzzzzzzzz/TTS_audio/resolve/main/UniAudio/sample2/Template1/Emphasis/teacher-student/before.wav
Submit your project before class tomorrow.,https://huggingface.co/datasets/wizzzzzzzzz/TTS_audio/resolve/main/gpt-4o-mini-tts/sample2/Template1/Emphasis/teacher-student/before.wav
Submit your project before class tomorrow.,https://huggingface.co/datasets/wizzzzzzzzz/TTS_audio/resolve/main/Parler-TTS-large-v1/sample2/Template1/Emphasis/teacher-student/class.wav
Submit your project before class tomorrow.,https://huggingface.co/datasets/wizzzzzzzzz/TTS_audio/resolve/main/Parler-TTS-mini-v1/sample2/Template1/Emphasis/teacher-student/class.wav
Submit your project before class tomorrow.,https://huggingface.co/datasets/wizzzzzzzzz/TTS_audio/resolve/main/PromptTTS++/sample2/Template1/Emphasis/teacher-student/class.wav
Submit your project before class tomorrow.,https://huggingface.co/datasets/wizzzzzzzzz/TTS_audio/resolve/main/UniAudio/sample2/Template1/Emphasis/teacher-student/class.wav
Submit your project before class tomorrow.,https://huggingface.co/datasets/wizzzzzzzzz/TTS_audio/resolve/main/gpt-4o-mini-tts/sample2/Template1/Emphasis/teacher-student/class.wav
Submit your project before class tomorrow.,https://huggingface.co/datasets/wizzzzzzzzz/TTS_audio/resolve/main/Parler-TTS-large-v1/sample2/Template1/Emphasis/teacher-student/project.wav
Submit your project before class tomorrow.,https://huggingface.co/datasets/wizzzzzzzzz/TTS_audio/resolve/main/Parler-TTS-mini-v1/sample2/Template1/Emphasis/teacher-student/project.wav
The internet and speed dating agencies are the biggest of the group.,https://huggingface.co/datasets/wizzzzzzzzz/TTS_annotation_check/resolve/main/Task3_Emphasis/audios/recorded_audio_MhBg4M3.wav
Submit your project before class tomorrow.,https://huggingface.co/datasets/wizzzzzzzzz/TTS_audio/resolve/main/PromptTTS++/sample2/Template1/Emphasis/teacher-student/project.wav
Submit your project before class tomorrow.,https://huggingface.co/datasets/wizzzzzzzzz/TTS_audio/resolve/main/UniAudio/sample2/Template1/Emphasis/teacher-student/project.wav
Submit your project before class tomorrow.,https://huggingface.co/datasets/wizzzzzzzzz/TTS_audio/resolve/main/gpt-4o-mini-tts/sample2/Template1/Emphasis/teacher-student/project.wav
Submit your project before class tomorrow.,https://huggingface.co/datasets/wizzzzzzzzz/TTS_audio/resolve/main/Parler-TTS-large-v1/sample2/Template1/Emphasis/teacher-student/submit.wav
Submit your project before class tomorrow.,https://huggingface.co/datasets/wizzzzzzzzz/TTS_audio/resolve/main/Parler-TTS-mini-v1/sample2/Template1/Emphasis/teacher-student/submit.wav
Submit your project before class tomorrow.,https://huggingface.co/datasets/wizzzzzzzzz/TTS_audio/resolve/main/PromptTTS++/sample2/Template1/Emphasis/teacher-student/submit.wav
Submit your project before class tomorrow.,https://huggingface.co/datasets/wizzzzzzzzz/TTS_audio/resolve/main/UniAudio/sample2/Template1/Emphasis/teacher-student/submit.wav
Submit your project before class tomorrow.,https://huggingface.co/datasets/wizzzzzzzzz/TTS_audio/resolve/main/gpt-4o-mini-tts/sample2/Template1/Emphasis/teacher-student/submit.wav
Submit your project before class tomorrow.,https://huggingface.co/datasets/wizzzzzzzzz/TTS_audio/resolve/main/Parler-TTS-large-v1/sample2/Template1/Emphasis/teacher-student/tomorrow.wav
Submit your project before class tomorrow.,https://huggingface.co/datasets/wizzzzzzzzz/TTS_audio/resolve/main/Parler-TTS-mini-v1/sample2/Template1/Emphasis/teacher-student/tomorrow.wav
Submit your project before class tomorrow.,https://huggingface.co/datasets/wizzzzzzzzz/TTS_audio/resolve/main/PromptTTS++/sample2/Template1/Emphasis/teacher-student/tomorrow.wav
Submit your project before class tomorrow.,https://huggingface.co/datasets/wizzzzzzzzz/TTS_audio/resolve/main/UniAudio/sample2/Template1/Emphasis/teacher-student/tomorrow.wav
Submit your project before class tomorrow.,https://huggingface.co/datasets/wizzzzzzzzz/TTS_audio/resolve/main/gpt-4o-mini-tts/sample2/Template1/Emphasis/teacher-student/tomorrow.wav
Submit your project before class tomorrow.,https://huggingface.co/datasets/wizzzzzzzzz/TTS_audio/resolve/main/Parler-TTS-large-v1/sample2/Template1/Emphasis/teacher-student/your.wav
Submit your project before class tomorrow.,https://huggingface.co/datasets/wizzzzzzzzz/TTS_audio/resolve/main/Parler-TTS-mini-v1/sample2/Template1/Emphasis/teacher-student/your.wav
Submit your project before class tomorrow.,https://huggingface.co/datasets/wizzzzzzzzz/TTS_audio/resolve/main/PromptTTS++/sample2/Template1/Emphasis/teacher-student/your.wav
Submit your project before class tomorrow.,https://huggingface.co/datasets/wizzzzzzzzz/TTS_audio/resolve/main/UniAudio/sample2/Template1/Emphasis/teacher-student/your.wav
Submit your project before class tomorrow.,https://huggingface.co/datasets/wizzzzzzzzz/TTS_audio/resolve/main/gpt-4o-mini-tts/sample2/Template1/Emphasis/teacher-student/your.wav
The local economy is mainly supported by farming.,https://huggingface.co/datasets/wizzzzzzzzz/TTS_annotation_check/resolve/main/Task3_Emphasis/audios/recorded_audio_Gy2SZCq.wav
