audio_url,emotion_label
https://huggingface.co/datasets/wizzzzzzzzz/TTS_audio/resolve/main/Parler-TTS-large-v1/sample2/Template1/Condition/Customer/Adv/emotion/angry.wav,angry
https://huggingface.co/datasets/wizzzzzzzzz/TTS_audio/resolve/main/Parler-TTS-mini-v1/sample2/Template1/Condition/Customer/Adv/emotion/angry.wav,angry
https://huggingface.co/datasets/wizzzzzzzzz/TTS_audio/resolve/main/PromptTTS++/sample2/Template1/Condition/Customer/Adv/emotion/angry.wav,angry
https://huggingface.co/datasets/wizzzzzzzzz/TTS_audio/resolve/main/UniAudio/sample2/Template1/Condition/Customer/Adv/emotion/angry.wav,angry
https://huggingface.co/datasets/wizzzzzzzzz/TTS_audio/resolve/main/gpt-4o-mini-tts/sample2/Template1/Condition/Customer/Adv/emotion/angry.wav,angry
https://huggingface.co/datasets/wizzzzzzzzz/TTS_audio/resolve/main/Parler-TTS-large-v1/sample2/Template1/Condition/Customer/Adv/emotion/extremely_angry.wav,angry
https://huggingface.co/datasets/wizzzzzzzzz/TTS_audio/resolve/main/Parler-TTS-mini-v1/sample2/Template1/Condition/Customer/Adv/emotion/extremely_angry.wav,angry
https://huggingface.co/datasets/wizzzzzzzzz/TTS_audio/resolve/main/PromptTTS++/sample2/Template1/Condition/Customer/Adv/emotion/extremely_angry.wav,angry
https://huggingface.co/datasets/wizzzzzzzzz/TTS_audio/resolve/main/UniAudio/sample2/Template1/Condition/Customer/Adv/emotion/extremely_angry.wav,angry
https://huggingface.co/datasets/wizzzzzzzzz/TTS_audio/resolve/main/gpt-4o-mini-tts/sample2/Template1/Condition/Customer/Adv/emotion/extremely_angry.wav,angry
https://huggingface.co/datasets/wizzzzzzzzz/TTS_audio/resolve/main/Parler-TTS-large-v1/sample2/Template1/Condition/Customer/Adv/emotion/extremely_happy.wav,happy
https://huggingface.co/datasets/wizzzzzzzzz/TTS_audio/resolve/main/Parler-TTS-mini-v1/sample2/Template1/Condition/Customer/Adv/emotion/extremely_happy.wav,happy
https://huggingface.co/datasets/wizzzzzzzzz/TTS_audio/resolve/main/PromptTTS++/sample2/Template1/Condition/Customer/Adv/emotion/extremely_happy.wav,happy
https://huggingface.co/datasets/wizzzzzzzzz/TTS_audio/resolve/main/UniAudio/sample2/Template1/Condition/Customer/Adv/emotion/extremely_happy.wav,happy
https://huggingface.co/datasets/wizzzzzzzzz/TTS_audio/resolve/main/gpt-4o-mini-tts/sample2/Template1/Condition/Customer/Adv/emotion/extremely_happy.wav,happy
https://huggingface.co/datasets/wizzzzzzzzz/TTS_audio/resolve/main/Parler-TTS-large-v1/sample2/Template1/Condition/Customer/Adv/emotion/extremely_sad.wav,sad
https://huggingface.co/datasets/wizzzzzzzzz/TTS_audio/resolve/main/Parler-TTS-mini-v1/sample2/Template1/Condition/Customer/Adv/emotion/extremely_sad.wav,sad
https://huggingface.co/datasets/wizzzzzzzzz/TTS_audio/resolve/main/PromptTTS++/sample2/Template1/Condition/Customer/Adv/emotion/extremely_sad.wav,sad
https://huggingface.co/datasets/wizzzzzzzzz/TTS_audio/resolve/main/UniAudio/sample2/Template1/Condition/Customer/Adv/emotion/extremely_sad.wav,sad
https://huggingface.co/datasets/wizzzzzzzzz/TTS_audio/resolve/main/gpt-4o-mini-tts/sample2/Template1/Condition/Customer/Adv/emotion/extremely_sad.wav,sad
https://huggingface.co/datasets/wizzzzzzzzz/TTS_audio/resolve/main/Parler-TTS-large-v1/sample2/Template1/Condition/Customer/Adv/emotion/extremely_surprised.wav,surprised
https://huggingface.co/datasets/wizzzzzzzzz/TTS_audio/resolve/main/Parler-TTS-mini-v1/sample2/Template1/Condition/Customer/Adv/emotion/extremely_surprised.wav,surprised
https://huggingface.co/datasets/wizzzzzzzzz/TTS_audio/resolve/main/PromptTTS++/sample2/Template1/Condition/Customer/Adv/emotion/extremely_surprised.wav,surprised
https://huggingface.co/datasets/wizzzzzzzzz/TTS_audio/resolve/main/UniAudio/sample2/Template1/Condition/Customer/Adv/emotion/extremely_surprised.wav,surprised
https://huggingface.co/datasets/wizzzzzzzzz/TTS_annotation_check/resolve/main/Task1_Adv_Degree/audios/1091_IEO_ANG_HI.wav,angry
https://huggingface.co/datasets/wizzzzzzzzz/TTS_audio/resolve/main/gpt-4o-mini-tts/sample2/Template1/Condition/Customer/Adv/emotion/extremely_surprised.wav,surprised
https://huggingface.co/datasets/wizzzzzzzzz/TTS_audio/resolve/main/Parler-TTS-large-v1/sample2/Template1/Condition/Customer/Adv/emotion/happy.wav,happy
https://huggingface.co/datasets/wizzzzzzzzz/TTS_audio/resolve/main/Parler-TTS-mini-v1/sample2/Template1/Condition/Customer/Adv/emotion/happy.wav,happy
https://huggingface.co/datasets/wizzzzzzzzz/TTS_audio/resolve/main/PromptTTS++/sample2/Template1/Condition/Customer/Adv/emotion/happy.wav,happy
https://huggingface.co/datasets/wizzzzzzzzz/TTS_audio/resolve/main/UniAudio/sample2/Template1/Condition/Customer/Adv/emotion/happy.wav,happy
https://huggingface.co/datasets/wizzzzzzzzz/TTS_audio/resolve/main/gpt-4o-mini-tts/sample2/Template1/Condition/Customer/Adv/emotion/happy.wav,happy
https://huggingface.co/datasets/wizzzzzzzzz/TTS_audio/resolve/main/Parler-TTS-large-v1/sample2/Template1/Condition/Customer/Adv/emotion/sad.wav,sad
https://huggingface.co/datasets/wizzzzzzzzz/TTS_audio/resolve/main/Parler-TTS-mini-v1/sample2/Template1/Condition/Customer/Adv/emotion/sad.wav,sad
https://huggingface.co/datasets/wizzzzzzzzz/TTS_audio/resolve/main/PromptTTS++/sample2/Template1/Condition/Customer/Adv/emotion/sad.wav,sad
https://huggingface.co/datasets/wizzzzzzzzz/TTS_audio/resolve/main/UniAudio/sample2/Template1/Condition/Customer/Adv/emotion/sad.wav,sad
https://huggingface.co/datasets/wizzzzzzzzz/TTS_audio/resolve/main/gpt-4o-mini-tts/sample2/Template1/Condition/Customer/Adv/emotion/sad.wav,sad
https://huggingface.co/datasets/wizzzzzzzzz/TTS_audio/resolve/main/Parler-TTS-large-v1/sample2/Template1/Condition/Customer/Adv/emotion/slightly_angry.wav,angry
https://huggingface.co/datasets/wizzzzzzzzz/TTS_audio/resolve/main/Parler-TTS-mini-v1/sample2/Template1/Condition/Customer/Adv/emotion/slightly_angry.wav,angry
https://huggingface.co/datasets/wizzzzzzzzz/TTS_audio/resolve/main/PromptTTS++/sample2/Template1/Condition/Customer/Adv/emotion/slightly_angry.wav,angry
https://huggingface.co/datasets/wizzzzzzzzz/TTS_audio/resolve/main/UniAudio/sample2/Template1/Condition/Customer/Adv/emotion/slightly_angry.wav,angry
https://huggingface.co/datasets/wizzzzzzzzz/TTS_audio/resolve/main/gpt-4o-mini-tts/sample2/Template1/Condition/Customer/Adv/emotion/slightly_angry.wav,angry
https://huggingface.co/datasets/wizzzzzzzzz/TTS_audio/resolve/main/Parler-TTS-large-v1/sample2/Template1/Condition/Customer/Adv/emotion/slightly_happy.wav,happy
https://huggingface.co/datasets/wizzzzzzzzz/TTS_audio/resolve/main/Parler-TTS-mini-v1/sample2/Template1/Condition/Customer/Adv/emotion/slightly_happy.wav,happy
https://huggingface.co/datasets/wizzzzzzzzz/TTS_audio/resolve/main/PromptTTS++/sample2/Template1/Condition/Customer/Adv/emotion/slightly_happy.wav,happy
https://huggingface.co/datasets/wizzzzzzzzz/TTS_audio/resolve/main/UniAudio/sample2/Template1/Condition/Customer/Adv/emotion/slightly_happy.wav,happy
https://huggingface.co/datasets/wizzzzzzzzz/TTS_audio/resolve/main/gpt-4o-mini-tts/sample2/Template1/Condition/Customer/Adv/emotion/slightly_happy.wav,happy
https://huggingface.co/datasets/wizzzzzzzzz/TTS_audio/resolve/main/Parler-TTS-large-v1/sample2/Template1/Condition/Customer/Adv/emotion/slightly_sad.wav,sad
https://huggingface.co/datasets/wizzzzzzzzz/TTS_audio/resolve/main/Parler-TTS-mini-v1/sample2/Template1/Condition/Customer/Adv/emotion/slightly_sad.wav,sad
https://huggingface.co/datasets/wizzzzzzzzz/TTS_audio/resolve/main/PromptTTS++/sample2/Template1/Condition/Customer/Adv/emotion/slightly_sad.wav,sad
https://huggingface.co/datasets/wizzzzzzzzz/TTS_annotation_check/resolve/main/Task1_Adv_Degree/audios/1053_WSI_HAP_XX.wav,angry
https://huggingface.co/datasets/wizzzzzzzzz/TTS_audio/resolve/main/UniAudio/sample2/Template1/Condition/Customer/Adv/emotion/slightly_sad.wav,sad
https://huggingface.co/datasets/wizzzzzzzzz/TTS_audio/resolve/main/gpt-4o-mini-tts/sample2/Template1/Condition/Customer/Adv/emotion/slightly_sad.wav,sad
https://huggingface.co/datasets/wizzzzzzzzz/TTS_audio/resolve/main/Parler-TTS-large-v1/sample2/Template1/Condition/Customer/Adv/emotion/slightly_surprised.wav,surprised
https://huggingface.co/datasets/wizzzzzzzzz/TTS_audio/resolve/main/Parler-TTS-mini-v1/sample2/Template1/Condition/Customer/Adv/emotion/slightly_surprised.wav,surprised
https://huggingface.co/datasets/wizzzzzzzzz/TTS_audio/resolve/main/PromptTTS++/sample2/Template1/Condition/Customer/Adv/emotion/slightly_surprised.wav,surprised
https://huggingface.co/datasets/wizzzzzzzzz/TTS_audio/resolve/main/UniAudio/sample2/Template1/Condition/Customer/Adv/emotion/slightly_surprised.wav,surprised
https://huggingface.co/datasets/wizzzzzzzzz/TTS_audio/resolve/main/gpt-4o-mini-tts/sample2/Template1/Condition/Customer/Adv/emotion/slightly_surprised.wav,surprised
https://huggingface.co/datasets/wizzzzzzzzz/TTS_audio/resolve/main/Parler-TTS-large-v1/sample2/Template1/Condition/Customer/Adv/emotion/surprised.wav,surprised
https://huggingface.co/datasets/wizzzzzzzzz/TTS_audio/resolve/main/Parler-TTS-mini-v1/sample2/Template1/Condition/Customer/Adv/emotion/surprised.wav,surprised
https://huggingface.co/datasets/wizzzzzzzzz/TTS_audio/resolve/main/PromptTTS++/sample2/Template1/Condition/Customer/Adv/emotion/surprised.wav,surprised
https://huggingface.co/datasets/wizzzzzzzzz/TTS_audio/resolve/main/UniAudio/sample2/Template1/Condition/Customer/Adv/emotion/surprised.wav,surprised
https://huggingface.co/datasets/wizzzzzzzzz/TTS_audio/resolve/main/gpt-4o-mini-tts/sample2/Template1/Condition/Customer/Adv/emotion/surprised.wav,surprised
https://huggingface.co/datasets/wizzzzzzzzz/TTS_audio/resolve/main/Parler-TTS-large-v1/sample2/Template1/Condition/Customer/Adv/emotion/very_angry.wav,angry
https://huggingface.co/datasets/wizzzzzzzzz/TTS_audio/resolve/main/Parler-TTS-mini-v1/sample2/Template1/Condition/Customer/Adv/emotion/very_angry.wav,angry
https://huggingface.co/datasets/wizzzzzzzzz/TTS_audio/resolve/main/PromptTTS++/sample2/Template1/Condition/Customer/Adv/emotion/very_angry.wav,angry
https://huggingface.co/datasets/wizzzzzzzzz/TTS_audio/resolve/main/UniAudio/sample2/Template1/Condition/Customer/Adv/emotion/very_angry.wav,angry
https://huggingface.co/datasets/wizzzzzzzzz/TTS_audio/resolve/main/gpt-4o-mini-tts/sample2/Template1/Condition/Customer/Adv/emotion/very_angry.wav,angry
https://huggingface.co/datasets/wizzzzzzzzz/TTS_audio/resolve/main/Parler-TTS-large-v1/sample2/Template1/Condition/Customer/Adv/emotion/very_happy.wav,happy
https://huggingface.co/datasets/wizzzzzzzzz/TTS_audio/resolve/main/Parler-TTS-mini-v1/sample2/Template1/Condition/Customer/Adv/emotion/very_happy.wav,happy
https://huggingface.co/datasets/wizzzzzzzzz/TTS_audio/resolve/main/PromptTTS++/sample2/Template1/Condition/Customer/Adv/emotion/very_happy.wav,happy
https://huggingface.co/datasets/wizzzzzzzzz/TTS_audio/resolve/main/UniAudio/sample2/Template1/Condition/Customer/Adv/emotion/very_happy.wav,happy
https://huggingface.co/datasets/wizzzzzzzzz/TTS_audio/resolve/main/gpt-4o-mini-tts/sample2/Template1/Condition/Customer/Adv/emotion/very_happy.wav,happy
https://huggingface.co/datasets/wizzzzzzzzz/TTS_audio/resolve/main/Parler-TTS-large-v1/sample2/Template1/Condition/Customer/Adv/emotion/very_sad.wav,sad
https://huggingface.co/datasets/wizzzzzzzzz/TTS_audio/resolve/main/Parler-TTS-mini-v1/sample2/Template1/Condition/Customer/Adv/emotion/very_sad.wav,sad
https://huggingface.co/datasets/wizzzzzzzzz/TTS_annotation_check/resolve/main/Task1_Adv_Degree/audios/1073_IOM_ANG_XX.wav,angry
https://huggingface.co/datasets/wizzzzzzzzz/TTS_audio/resolve/main/PromptTTS++/sample2/Template1/Condition/Customer/Adv/emotion/very_sad.wav,sad
https://huggingface.co/datasets/wizzzzzzzzz/TTS_audio/resolve/main/UniAudio/sample2/Template1/Condition/Customer/Adv/emotion/very_sad.wav,sad
https://huggingface.co/datasets/wizzzzzzzzz/TTS_audio/resolve/main/gpt-4o-mini-tts/sample2/Template1/Condition/Customer/Adv/emotion/very_sad.wav,sad
https://huggingface.co/datasets/wizzzzzzzzz/TTS_audio/resolve/main/Parler-TTS-large-v1/sample2/Template1/Condition/Customer/Adv/emotion/very_surprised.wav,surprised
https://huggingface.co/datasets/wizzzzzzzzz/TTS_audio/resolve/main/Parler-TTS-mini-v1/sample2/Template1/Condition/Customer/Adv/emotion/very_surprised.wav,surprised
https://huggingface.co/datasets/wizzzzzzzzz/TTS_audio/resolve/main/PromptTTS++/sample2/Template1/Condition/Customer/Adv/emotion/very_surprised.wav,surprised
https://huggingface.co/datasets/wizzzzzzzzz/TTS_audio/resolve/main/UniAudio/sample2/Template1/Condition/Customer/Adv/emotion/very_surprised.wav,surprised
https://huggingface.co/datasets/wizzzzzzzzz/TTS_audio/resolve/main/gpt-4o-mini-tts/sample2/Template1/Condition/Customer/Adv/emotion/very_surprised.wav,surprised
https://huggingface.co/datasets/wizzzzzzzzz/TTS_audio/resolve/main/Parler-TTS-large-v1/sample2/Template1/Condition/Family/Adv/emotion/angry.wav,angry
https://huggingface.co/datasets/wizzzzzzzzz/TTS_audio/resolve/main/Parler-TTS-mini-v1/sample2/Template1/Condition/Family/Adv/emotion/angry.wav,angry
https://huggingface.co/datasets/wizzzzzzzzz/TTS_audio/resolve/main/PromptTTS++/sample2/Template1/Condition/Family/Adv/emotion/angry.wav,angry
https://huggingface.co/datasets/wizzzzzzzzz/TTS_audio/resolve/main/UniAudio/sample2/Template1/Condition/Family/Adv/emotion/angry.wav,angry
https://huggingface.co/datasets/wizzzzzzzzz/TTS_audio/resolve/main/gpt-4o-mini-tts/sample2/Template1/Condition/Family/Adv/emotion/angry.wav,angry
https://huggingface.co/datasets/wizzzzzzzzz/TTS_audio/resolve/main/Parler-TTS-large-v1/sample2/Template1/Condition/Family/Adv/emotion/extremely_angry.wav,angry
https://huggingface.co/datasets/wizzzzzzzzz/TTS_audio/resolve/main/Parler-TTS-mini-v1/sample2/Template1/Condition/Family/Adv/emotion/extremely_angry.wav,angry
https://huggingface.co/datasets/wizzzzzzzzz/TTS_audio/resolve/main/PromptTTS++/sample2/Template1/Condition/Family/Adv/emotion/extremely_angry.wav,angry
https://huggingface.co/datasets/wizzzzzzzzz/TTS_audio/resolve/main/UniAudio/sample2/Template1/Condition/Family/Adv/emotion/extremely_angry.wav,angry
https://huggingface.co/datasets/wizzzzzzzzz/TTS_audio/resolve/main/gpt-4o-mini-tts/sample2/Template1/Condition/Family/Adv/emotion/extremely_angry.wav,angry
https://huggingface.co/datasets/wizzzzzzzzz/TTS_audio/resolve/main/Parler-TTS-large-v1/sample2/Template1/Condition/Family/Adv/emotion/extremely_happy.wav,happy
https://huggingface.co/datasets/wizzzzzzzzz/TTS_audio/resolve/main/Parler-TTS-mini-v1/sample2/Template1/Condition/Family/Adv/emotion/extremely_happy.wav,happy
https://huggingface.co/datasets/wizzzzzzzzz/TTS_audio/resolve/main/PromptTTS++/sample2/Template1/Condition/Family/Adv/emotion/extremely_happy.wav,happy
https://huggingface.co/datasets/wizzzzzzzzz/TTS_audio/resolve/main/UniAudio/sample2/Template1/Condition/Family/Adv/emotion/extremely_happy.wav,happy
https://huggingface.co/datasets/wizzzzzzzzz/TTS_audio/resolve/main/gpt-4o-mini-tts/sample2/Template1/Condition/Family/Adv/emotion/extremely_happy.wav,happy
https://huggingface.co/datasets/wizzzzzzzzz/TTS_audio/resolve/main/Parler-TTS-large-v1/sample2/Template1/Condition/Family/Adv/emotion/extremely_sad.wav,sad
https://huggingface.co/datasets/wizzzzzzzzz/TTS_annotation_check/resolve/main/Task1_Adv_Degree/audios/1006_DFA_SAD_XX.wav,sad
https://huggingface.co/datasets/wizzzzzzzzz/TTS_audio/resolve/main/Parler-TTS-mini-v1/sample2/Template1/Condition/Family/Adv/emotion/extremely_sad.wav,sad
https://huggingface.co/datasets/wizzzzzzzzz/TTS_audio/resolve/main/PromptTTS++/sample2/Template1/Condition/Family/Adv/emotion/extremely_sad.wav,sad
https://huggingface.co/datasets/wizzzzzzzzz/TTS_audio/resolve/main/UniAudio/sample2/Template1/Condition/Family/Adv/emotion/extremely_sad.wav,sad
https://huggingface.co/datasets/wizzzzzzzzz/TTS_audio/resolve/main/gpt-4o-mini-tts/sample2/Template1/Condition/Family/Adv/emotion/extremely_sad.wav,sad
https://huggingface.co/datasets/wizzzzzzzzz/TTS_audio/resolve/main/Parler-TTS-large-v1/sample2/Template1/Condition/Family/Adv/emotion/extremely_surprised.wav,surprised
https://huggingface.co/datasets/wizzzzzzzzz/TTS_audio/resolve/main/Parler-TTS-mini-v1/sample2/Template1/Condition/Family/Adv/emotion/extremely_surprised.wav,surprised
https://huggingface.co/datasets/wizzzzzzzzz/TTS_audio/resolve/main/PromptTTS++/sample2/Template1/Condition/Family/Adv/emotion/extremely_surprised.wav,surprised
https://huggingface.co/datasets/wizzzzzzzzz/TTS_audio/resolve/main/UniAudio/sample2/Template1/Condition/Family/Adv/emotion/extremely_surprised.wav,surprised
https://huggingface.co/datasets/wizzzzzzzzz/TTS_audio/resolve/main/gpt-4o-mini-tts/sample2/Template1/Condition/Family/Adv/emotion/extremely_surprised.wav,surprised
https://huggingface.co/datasets/wizzzzzzzzz/TTS_audio/resolve/main/Parler-TTS-large-v1/sample2/Template1/Condition/Family/Adv/emotion/happy.wav,happy
https://huggingface.co/datasets/wizzzzzzzzz/TTS_audio/resolve/main/Parler-TTS-mini-v1/sample2/Template1/Condition/Family/Adv/emotion/happy.wav,happy
https://huggingface.co/datasets/wizzzzzzzzz/TTS_audio/resolve/main/PromptTTS++/sample2/Template1/Condition/Family/Adv/emotion/happy.wav,happy
https://huggingface.co/datasets/wizzzzzzzzz/TTS_audio/resolve/main/UniAudio/sample2/Template1/Condition/Family/Adv/emotion/happy.wav,happy
https://huggingface.co/datasets/wizzzzzzzzz/TTS_audio/resolve/main/gpt-4o-mini-tts/sample2/Template1/Condition/Family/Adv/emotion/happy.wav,happy
https://huggingface.co/datasets/wizzzzzzzzz/TTS_audio/resolve/main/Parler-TTS-large-v1/sample2/Template1/Condition/Family/Adv/emotion/sad.wav,sad
https://huggingface.co/datasets/wizzzzzzzzz/TTS_audio/resolve/main/Parler-TTS-mini-v1/sample2/Template1/Condition/Family/Adv/emotion/sad.wav,sad
https://huggingface.co/datasets/wizzzzzzzzz/TTS_audio/resolve/main/PromptTTS++/sample2/Template1/Condition/Family/Adv/emotion/sad.wav,sad
https://huggingface.co/datasets/wizzzzzzzzz/TTS_audio/resolve/main/UniAudio/sample2/Template1/Condition/Family/Adv/emotion/sad.wav,sad
https://huggingface.co/datasets/wizzzzzzzzz/TTS_audio/resolve/main/gpt-4o-mini-tts/sample2/Template1/Condition/Family/Adv/emotion/sad.wav,sad
https://huggingface.co/datasets/wizzzzzzzzz/TTS_audio/resolve/main/Parler-TTS-large-v1/sample2/Template1/Condition/Family/Adv/emotion/slightly_angry.wav,angry
https://huggingface.co/datasets/wizzzzzzzzz/TTS_audio/resolve/main/Parler-TTS-mini-v1/sample2/Template1/Condition/Family/Adv/emotion/slightly_angry.wav,angry
https://huggingface.co/datasets/wizzzzzzzzz/TTS_audio/resolve/main/PromptTTS++/sample2/Template1/Condition/Family/Adv/emotion/slightly_angry.wav,angry
https://huggingface.co/datasets/wizzzzzzzzz/TTS_audio/resolve/main/UniAudio/sample2/Template1/Condition/Family/Adv/emotion/slightly_angry.wav,angry
https://huggingface.co/datasets/wizzzzzzzzz/TTS_audio/resolve/main/gpt-4o-mini-tts/sample2/Template1/Condition/Family/Adv/emotion/slightly_angry.wav,angry
https://huggingface.co/datasets/wizzzzzzzzz/TTS_annotation_check/resolve/main/Task1_Adv_Degree/audios/1059_TSI_ANG_XX.wav,angry
https://huggingface.co/datasets/wizzzzzzzzz/TTS_audio/resolve/main/Parler-TTS-large-v1/sample2/Template1/Condition/Family/Adv/emotion/slightly_happy.wav,happy
https://huggingface.co/datasets/wizzzzzzzzz/TTS_audio/resolve/main/Parler-TTS-mini-v1/sample2/Template1/Condition/Family/Adv/emotion/slightly_happy.wav,happy
https://huggingface.co/datasets/wizzzzzzzzz/TTS_audio/resolve/main/PromptTTS++/sample2/Template1/Condition/Family/Adv/emotion/slightly_happy.wav,happy
https://huggingface.co/datasets/wizzzzzzzzz/TTS_audio/resolve/main/UniAudio/sample2/Template1/Condition/Family/Adv/emotion/slightly_happy.wav,happy
https://huggingface.co/datasets/wizzzzzzzzz/TTS_audio/resolve/main/gpt-4o-mini-tts/sample2/Template1/Condition/Family/Adv/emotion/slightly_happy.wav,happy
https://huggingface.co/datasets/wizzzzzzzzz/TTS_audio/resolve/main/Parler-TTS-large-v1/sample2/Template1/Condition/Family/Adv/emotion/slightly_sad.wav,sad
https://huggingface.co/datasets/wizzzzzzzzz/TTS_audio/resolve/main/Parler-TTS-mini-v1/sample2/Template1/Condition/Family/Adv/emotion/slightly_sad.wav,sad
https://huggingface.co/datasets/wizzzzzzzzz/TTS_audio/resolve/main/PromptTTS++/sample2/Template1/Condition/Family/Adv/emotion/slightly_sad.wav,sad
https://huggingface.co/datasets/wizzzzzzzzz/TTS_audio/resolve/main/UniAudio/sample2/Template1/Condition/Family/Adv/emotion/slightly_sad.wav,sad
https://huggingface.co/datasets/wizzzzzzzzz/TTS_audio/resolve/main/gpt-4o-mini-tts/sample2/Template1/Condition/Family/Adv/emotion/slightly_sad.wav,sad
https://huggingface.co/datasets/wizzzzzzzzz/TTS_audio/resolve/main/Parler-TTS-large-v1/sample2/Template1/Condition/Family/Adv/emotion/slightly_surprised.wav,surprised
https://huggingface.co/datasets/wizzzzzzzzz/TTS_audio/resolve/main/Parler-TTS-mini-v1/sample2/Template1/Condition/Family/Adv/emotion/slightly_surprised.wav,surprised
https://huggingface.co/datasets/wizzzzzzzzz/TTS_audio/resolve/main/PromptTTS++/sample2/Template1/Condition/Family/Adv/emotion/slightly_surprised.wav,surprised
https://huggingface.co/datasets/wizzzzzzzzz/TTS_audio/resolve/main/UniAudio/sample2/Template1/Condition/Family/Adv/emotion/slightly_surprised.wav,surprised
https://huggingface.co/datasets/wizzzzzzzzz/TTS_audio/resolve/main/gpt-4o-mini-tts/sample2/Template1/Condition/Family/Adv/emotion/slightly_surprised.wav,surprised
https://huggingface.co/datasets/wizzzzzzzzz/TTS_audio/resolve/main/Parler-TTS-large-v1/sample2/Template1/Condition/Family/Adv/emotion/surprised.wav,surprised
https://huggingface.co/datasets/wizzzzzzzzz/TTS_audio/resolve/main/Parler-TTS-mini-v1/sample2/Template1/Condition/Family/Adv/emotion/surprised.wav,surprised
https://huggingface.co/datasets/wizzzzzzzzz/TTS_audio/resolve/main/PromptTTS++/sample2/Template1/Condition/Family/Adv/emotion/surprised.wav,surprised
https://huggingface.co/datasets/wizzzzzzzzz/TTS_audio/resolve/main/UniAudio/sample2/Template1/Condition/Family/Adv/emotion/surprised.wav,surprised
https://huggingface.co/datasets/wizzzzzzzzz/TTS_audio/resolve/main/gpt-4o-mini-tts/sample2/Template1/Condition/Family/Adv/emotion/surprised.wav,surprised
https://huggingface.co/datasets/wizzzzzzzzz/TTS_audio/resolve/main/Parler-TTS-large-v1/sample2/Template1/Condition/Family/Adv/emotion/very_angry.wav,angry
https://huggingface.co/datasets/wizzzzzzzzz/TTS_audio/resolve/main/Parler-TTS-mini-v1/sample2/Template1/Condition/Family/Adv/emotion/very_angry.wav,angry
https://huggingface.co/datasets/wizzzzzzzzz/TTS_audio/resolve/main/PromptTTS++/sample2/Template1/Condition/Family/Adv/emotion/very_angry.wav,angry
https://huggingface.co/datasets/wizzzzzzzzz/TTS_audio/resolve/main/UniAudio/sample2/Template1/Condition/Family/Adv/emotion/very_angry.wav,angry
https://huggingface.co/datasets/wizzzzzzzzz/TTS_annotation_check/resolve/main/Task1_Adv_Degree/audios/1050_MTI_ANG_XX.wav,angry
https://huggingface.co/datasets/wizzzzzzzzz/TTS_audio/resolve/main/gpt-4o-mini-tts/sample2/Template1/Condition/Family/Adv/emotion/very_angry.wav,angry
https://huggingface.co/datasets/wizzzzzzzzz/TTS_audio/resolve/main/Parler-TTS-large-v1/sample2/Template1/Condition/Family/Adv/emotion/very_happy.wav,happy
https://huggingface.co/datasets/wizzzzzzzzz/TTS_audio/resolve/main/Parler-TTS-mini-v1/sample2/Template1/Condition/Family/Adv/emotion/very_happy.wav,happy
https://huggingface.co/datasets/wizzzzzzzzz/TTS_audio/resolve/main/PromptTTS++/sample2/Template1/Condition/Family/Adv/emotion/very_happy.wav,happy
https://huggingface.co/datasets/wizzzzzzzzz/TTS_audio/resolve/main/UniAudio/sample2/Template1/Condition/Family/Adv/emotion/very_happy.wav,happy
https://huggingface.co/datasets/wizzzzzzzzz/TTS_audio/resolve/main/gpt-4o-mini-tts/sample2/Template1/Condition/Family/Adv/emotion/very_happy.wav,happy
https://huggingface.co/datasets/wizzzzzzzzz/TTS_audio/resolve/main/Parler-TTS-large-v1/sample2/Template1/Condition/Family/Adv/emotion/very_sad.wav,sad
https://huggingface.co/datasets/wizzzzzzzzz/TTS_audio/resolve/main/Parler-TTS-mini-v1/sample2/Template1/Condition/Family/Adv/emotion/very_sad.wav,sad
https://huggingface.co/datasets/wizzzzzzzzz/TTS_audio/resolve/main/PromptTTS++/sample2/Template1/Condition/Family/Adv/emotion/very_sad.wav,sad
https://huggingface.co/datasets/wizzzzzzzzz/TTS_audio/resolve/main/UniAudio/sample2/Template1/Condition/Family/Adv/emotion/very_sad.wav,sad
https://huggingface.co/datasets/wizzzzzzzzz/TTS_audio/resolve/main/gpt-4o-mini-tts/sample2/Template1/Condition/Family/Adv/emotion/very_sad.wav,sad
https://huggingface.co/datasets/wizzzzzzzzz/TTS_audio/resolve/main/Parler-TTS-large-v1/sample2/Template1/Condition/Family/Adv/emotion/very_surprised.wav,surprised
https://huggingface.co/datasets/wizzzzzzzzz/TTS_audio/resolve/main/Parler-TTS-mini-v1/sample2/Template1/Condition/Family/Adv/emotion/very_surprised.wav,surprised
https://huggingface.co/datasets/wizzzzzzzzz/TTS_audio/resolve/main/PromptTTS++/sample2/Template1/Condition/Family/Adv/emotion/very_surprised.wav,surprised
https://huggingface.co/datasets/wizzzzzzzzz/TTS_audio/resolve/main/UniAudio/sample2/Template1/Condition/Family/Adv/emotion/very_surprised.wav,surprised
https://huggingface.co/datasets/wizzzzzzzzz/TTS_audio/resolve/main/gpt-4o-mini-tts/sample2/Template1/Condition/Family/Adv/emotion/very_surprised.wav,surprised
https://huggingface.co/datasets/wizzzzzzzzz/TTS_audio/resolve/main/Parler-TTS-large-v1/sample2/Template1/Condition/Friends/Adv/emotion/angry.wav,angry
https://huggingface.co/datasets/wizzzzzzzzz/TTS_audio/resolve/main/Parler-TTS-mini-v1/sample2/Template1/Condition/Friends/Adv/emotion/angry.wav,angry
https://huggingface.co/datasets/wizzzzzzzzz/TTS_audio/resolve/main/PromptTTS++/sample2/Template1/Condition/Friends/Adv/emotion/angry.wav,angry
https://huggingface.co/datasets/wizzzzzzzzz/TTS_audio/resolve/main/UniAudio/sample2/Template1/Condition/Friends/Adv/emotion/angry.wav,angry
https://huggingface.co/datasets/wizzzzzzzzz/TTS_audio/resolve/main/gpt-4o-mini-tts/sample2/Template1/Condition/Friends/Adv/emotion/angry.wav,angry
https://huggingface.co/datasets/wizzzzzzzzz/TTS_audio/resolve/main/Parler-TTS-large-v1/sample2/Template1/Condition/Friends/Adv/emotion/extremely_angry.wav,angry
https://huggingface.co/datasets/wizzzzzzzzz/TTS_audio/resolve/main/Parler-TTS-mini-v1/sample2/Template1/Condition/Friends/Adv/emotion/extremely_angry.wav,angry
https://huggingface.co/datasets/wizzzzzzzzz/TTS_audio/resolve/main/PromptTTS++/sample2/Template1/Condition/Friends/Adv/emotion/extremely_angry.wav,angry
https://huggingface.co/datasets/wizzzzzzzzz/TTS_annotation_check/resolve/main/Task1_Adv_Degree/audios/1036_WSI_ANG_XX.wav,angry
https://huggingface.co/datasets/wizzzzzzzzz/TTS_audio/resolve/main/UniAudio/sample2/Template1/Condition/Friends/Adv/emotion/extremely_angry.wav,angry
https://huggingface.co/datasets/wizzzzzzzzz/TTS_audio/resolve/main/gpt-4o-mini-tts/sample2/Template1/Condition/Friends/Adv/emotion/extremely_angry.wav,angry
https://huggingface.co/datasets/wizzzzzzzzz/TTS_audio/resolve/main/Parler-TTS-large-v1/sample2/Template1/Condition/Friends/Adv/emotion/extremely_happy.wav,happy
https://huggingface.co/datasets/wizzzzzzzzz/TTS_audio/resolve/main/Parler-TTS-mini-v1/sample2/Template1/Condition/Friends/Adv/emotion/extremely_happy.wav,happy
https://huggingface.co/datasets/wizzzzzzzzz/TTS_audio/resolve/main/PromptTTS++/sample2/Template1/Condition/Friends/Adv/emotion/extremely_happy.wav,happy
https://huggingface.co/datasets/wizzzzzzzzz/TTS_audio/resolve/main/UniAudio/sample2/Template1/Condition/Friends/Adv/emotion/extremely_happy.wav,happy
https://huggingface.co/datasets/wizzzzzzzzz/TTS_audio/resolve/main/gpt-4o-mini-tts/sample2/Template1/Condition/Friends/Adv/emotion/extremely_happy.wav,happy
https://huggingface.co/datasets/wizzzzzzzzz/TTS_audio/resolve/main/Parler-TTS-large-v1/sample2/Template1/Condition/Friends/Adv/emotion/extremely_sad.wav,sad
https://huggingface.co/datasets/wizzzzzzzzz/TTS_audio/resolve/main/Parler-TTS-mini-v1/sample2/Template1/Condition/Friends/Adv/emotion/extremely_sad.wav,sad
https://huggingface.co/datasets/wizzzzzzzzz/TTS_audio/resolve/main/PromptTTS++/sample2/Template1/Condition/Friends/Adv/emotion/extremely_sad.wav,sad
https://huggingface.co/datasets/wizzzzzzzzz/TTS_audio/resolve/main/UniAudio/sample2/Template1/Condition/Friends/Adv/emotion/extremely_sad.wav,sad
https://huggingface.co/datasets/wizzzzzzzzz/TTS_audio/resolve/main/gpt-4o-mini-tts/sample2/Template1/Condition/Friends/Adv/emotion/extremely_sad.wav,sad
https://huggingface.co/datasets/wizzzzzzzzz/TTS_audio/resolve/main/Parler-TTS-large-v1/sample2/Template1/Condition/Friends/Adv/emotion/extremely_surprised.wav,surprised
https://huggingface.co/datasets/wizzzzzzzzz/TTS_audio/resolve/main/Parler-TTS-mini-v1/sample2/Template1/Condition/Friends/Adv/emotion/extremely_surprised.wav,surprised
https://huggingface.co/datasets/wizzzzzzzzz/TTS_audio/resolve/main/PromptTTS++/sample2/Template1/Condition/Friends/Adv/emotion/extremely_surprised.wav,surprised
https://huggingface.co/datasets/wizzzzzzzzz/TTS_audio/resolve/main/UniAudio/sample2/Template1/Condition/Friends/Adv/emotion/extremely_surprised.wav,surprised
https://huggingface.co/datasets/wizzzzzzzzz/TTS_audio/resolve/main/gpt-4o-mini-tts/sample2/Template1/Condition/Friends/Adv/emotion/extremely_surprised.wav,surprised
https://huggingface.co/datasets/wizzzzzzzzz/TTS_audio/resolve/main/Parler-TTS-large-v1/sample2/Template1/Condition/Friends/Adv/emotion/happy.wav,happy
https://huggingface.co/datasets/wizzzzzzzzz/TTS_audio/resolve/main/Parler-TTS-mini-v1/sample2/Template1/Condition/Friends/Adv/emotion/happy.wav,happy
https://huggingface.co/datasets/wizzzzzzzzz/TTS_audio/resolve/main/PromptTTS++/sample2/Template1/Condition/Friends/Adv/emotion/happy.wav,happy
https://huggingface.co/datasets/wizzzzzzzzz/TTS_audio/resolve/main/UniAudio/sample2/Template1/Condition/Friends/Adv/emotion/happy.wav,happy
https://huggingface.co/datasets/wizzzzzzzzz/TTS_audio/resolve/main/gpt-4o-mini-tts/sample2/Template1/Condition/Friends/Adv/emotion/happy.wav,happy
https://huggingface.co/datasets/wizzzzzzzzz/TTS_audio/resolve/main/Parler-TTS-large-v1/sample2/Template1/Condition/Friends/Adv/emotion/sad.wav,sad
https://huggingface.co/datasets/wizzzzzzzzz/TTS_audio/resolve/main/Parler-TTS-mini-v1/sample2/Template1/Condition/Friends/Adv/emotion/sad.wav,sad
https://huggingface.co/datasets/wizzzzzzzzz/TTS_annotation_check/resolve/main/Task1_Adv_Degree/audios/1049_IWL_FEA_XX.wav,sad
https://huggingface.co/datasets/wizzzzzzzzz/TTS_audio/resolve/main/PromptTTS++/sample2/Template1/Condition/Friends/Adv/emotion/sad.wav,sad
https://huggingface.co/datasets/wizzzzzzzzz/TTS_audio/resolve/main/UniAudio/sample2/Template1/Condition/Friends/Adv/emotion/sad.wav,sad
https://huggingface.co/datasets/wizzzzzzzzz/TTS_audio/resolve/main/gpt-4o-mini-tts/sample2/Template1/Condition/Friends/Adv/emotion/sad.wav,sad
https://huggingface.co/datasets/wizzzzzzzzz/TTS_audio/resolve/main/Parler-TTS-large-v1/sample2/Template1/Condition/Friends/Adv/emotion/slightly_angry.wav,angry
https://huggingface.co/datasets/wizzzzzzzzz/TTS_audio/resolve/main/Parler-TTS-mini-v1/sample2/Template1/Condition/Friends/Adv/emotion/slightly_angry.wav,angry
https://huggingface.co/datasets/wizzzzzzzzz/TTS_audio/resolve/main/PromptTTS++/sample2/Template1/Condition/Friends/Adv/emotion/slightly_angry.wav,angry
https://huggingface.co/datasets/wizzzzzzzzz/TTS_audio/resolve/main/UniAudio/sample2/Template1/Condition/Friends/Adv/emotion/slightly_angry.wav,angry
https://huggingface.co/datasets/wizzzzzzzzz/TTS_audio/resolve/main/gpt-4o-mini-tts/sample2/Template1/Condition/Friends/Adv/emotion/slightly_angry.wav,angry
https://huggingface.co/datasets/wizzzzzzzzz/TTS_audio/resolve/main/Parler-TTS-large-v1/sample2/Template1/Condition/Friends/Adv/emotion/slightly_happy.wav,happy
https://huggingface.co/datasets/wizzzzzzzzz/TTS_audio/resolve/main/Parler-TTS-mini-v1/sample2/Template1/Condition/Friends/Adv/emotion/slightly_happy.wav,happy
https://huggingface.co/datasets/wizzzzzzzzz/TTS_audio/resolve/main/PromptTTS++/sample2/Template1/Condition/Friends/Adv/emotion/slightly_happy.wav,happy
https://huggingface.co/datasets/wizzzzzzzzz/TTS_audio/resolve/main/UniAudio/sample2/Template1/Condition/Friends/Adv/emotion/slightly_happy.wav,happy
https://huggingface.co/datasets/wizzzzzzzzz/TTS_audio/resolve/main/gpt-4o-mini-tts/sample2/Template1/Condition/Friends/Adv/emotion/slightly_happy.wav,happy
https://huggingface.co/datasets/wizzzzzzzzz/TTS_audio/resolve/main/Parler-TTS-large-v1/sample2/Template1/Condition/Friends/Adv/emotion/slightly_sad.wav,sad
https://huggingface.co/datasets/wizzzzzzzzz/TTS_audio/resolve/main/Parler-TTS-mini-v1/sample2/Template1/Condition/Friends/Adv/emotion/slightly_sad.wav,sad
https://huggingface.co/datasets/wizzzzzzzzz/TTS_audio/resolve/main/PromptTTS++/sample2/Template1/Condition/Friends/Adv/emotion/slightly_sad.wav,sad
https://huggingface.co/datasets/wizzzzzzzzz/TTS_audio/resolve/main/UniAudio/sample2/Template1/Condition/Friends/Adv/emotion/slightly_sad.wav,sad
https://huggingface.co/datasets/wizzzzzzzzz/TTS_audio/resolve/main/gpt-4o-mini-tts/sample2/Template1/Condition/Friends/Adv/emotion/slightly_sad.wav,sad
https://huggingface.co/datasets/wizzzzzzzzz/TTS_audio/resolve/main/Parler-TTS-large-v1/sample2/Template1/Condition/Friends/Adv/emotion/slightly_surprised.wav,surprised
https://huggingface.co/datasets/wizzzzzzzzz/TTS_audio/resolve/main/Parler-TTS-mini-v1/sample2/Template1/Condition/Friends/Adv/emotion/slightly_surprised.wav,surprised
https://huggingface.co/datasets/wizzzzzzzzz/TTS_audio/resolve/main/PromptTTS++/sample2/Template1/Condition/Friends/Adv/emotion/slightly_surprised.wav,surprised
https://huggingface.co/datasets/wizzzzzzzzz/TTS_audio/resolve/main/UniAudio/sample2/Template1/Condition/Friends/Adv/emotion/slightly_surprised.wav,surprised
https://huggingface.co/datasets/wizzzzzzzzz/TTS_audio/resolve/main/gpt-4o-mini-tts/sample2/Template1/Condition/Friends/Adv/emotion/slightly_surprised.wav,surprised
https://huggingface.co/datasets/wizzzzzzzzz/TTS_audio/resolve/main/Parler-TTS-large-v1/sample2/Template1/Condition/Friends/Adv/emotion/surprised.wav,surprised
https://huggingface.co/datasets/wizzzzzzzzz/TTS_annotation_check/resolve/main/Task1_Adv_Degree/audios/1079_TIE_ANG_XX.wav,angry
https://huggingface.co/datasets/wizzzzzzzzz/TTS_audio/resolve/main/Parler-TTS-mini-v1/sample2/Template1/Condition/Friends/Adv/emotion/surprised.wav,surprised
https://huggingface.co/datasets/wizzzzzzzzz/TTS_audio/resolve/main/PromptTTS++/sample2/Template1/Condition/Friends/Adv/emotion/surprised.wav,surprised
https://huggingface.co/datasets/wizzzzzzzzz/TTS_audio/resolve/main/UniAudio/sample2/Template1/Condition/Friends/Adv/emotion/surprised.wav,surprised
https://huggingface.co/datasets/wizzzzzzzzz/TTS_audio/resolve/main/gpt-4o-mini-tts/sample2/Template1/Condition/Friends/Adv/emotion/surprised.wav,surprised
https://huggingface.co/datasets/wizzzzzzzzz/TTS_audio/resolve/main/Parler-TTS-large-v1/sample2/Template1/Condition/Friends/Adv/emotion/very_angry.wav,angry
https://huggingface.co/datasets/wizzzzzzzzz/TTS_audio/resolve/main/Parler-TTS-mini-v1/sample2/Template1/Condition/Friends/Adv/emotion/very_angry.wav,angry
https://huggingface.co/datasets/wizzzzzzzzz/TTS_audio/resolve/main/PromptTTS++/sample2/Template1/Condition/Friends/Adv/emotion/very_angry.wav,angry
https://huggingface.co/datasets/wizzzzzzzzz/TTS_audio/resolve/main/UniAudio/sample2/Template1/Condition/Friends/Adv/emotion/very_angry.wav,angry
https://huggingface.co/datasets/wizzzzzzzzz/TTS_audio/resolve/main/gpt-4o-mini-tts/sample2/Template1/Condition/Friends/Adv/emotion/very_angry.wav,angry
https://huggingface.co/datasets/wizzzzzzzzz/TTS_audio/resolve/main/Parler-TTS-large-v1/sample2/Template1/Condition/Friends/Adv/emotion/very_happy.wav,happy
https://huggingface.co/datasets/wizzzzzzzzz/TTS_audio/resolve/main/Parler-TTS-mini-v1/sample2/Template1/Condition/Friends/Adv/emotion/very_happy.wav,happy
https://huggingface.co/datasets/wizzzzzzzzz/TTS_audio/resolve/main/PromptTTS++/sample2/Template1/Condition/Friends/Adv/emotion/very_happy.wav,happy
https://huggingface.co/datasets/wizzzzzzzzz/TTS_audio/resolve/main/UniAudio/sample2/Template1/Condition/Friends/Adv/emotion/very_happy.wav,happy
https://huggingface.co/datasets/wizzzzzzzzz/TTS_audio/resolve/main/gpt-4o-mini-tts/sample2/Template1/Condition/Friends/Adv/emotion/very_happy.wav,happy
https://huggingface.co/datasets/wizzzzzzzzz/TTS_audio/resolve/main/Parler-TTS-large-v1/sample2/Template1/Condition/Friends/Adv/emotion/very_sad.wav,sad
https://huggingface.co/datasets/wizzzzzzzzz/TTS_audio/resolve/main/Parler-TTS-mini-v1/sample2/Template1/Condition/Friends/Adv/emotion/very_sad.wav,sad
https://huggingface.co/datasets/wizzzzzzzzz/TTS_audio/resolve/main/PromptTTS++/sample2/Template1/Condition/Friends/Adv/emotion/very_sad.wav,sad
https://huggingface.co/datasets/wizzzzzzzzz/TTS_audio/resolve/main/UniAudio/sample2/Template1/Condition/Friends/Adv/emotion/very_sad.wav,sad
https://huggingface.co/datasets/wizzzzzzzzz/TTS_audio/resolve/main/gpt-4o-mini-tts/sample2/Template1/Condition/Friends/Adv/emotion/very_sad.wav,sad
https://huggingface.co/datasets/wizzzzzzzzz/TTS_audio/resolve/main/Parler-TTS-large-v1/sample2/Template1/Condition/Friends/Adv/emotion/very_surprised.wav,surprised
https://huggingface.co/datasets/wizzzzzzzzz/TTS_audio/resolve/main/Parler-TTS-mini-v1/sample2/Template1/Condition/Friends/Adv/emotion/very_surprised.wav,surprised
https://huggingface.co/datasets/wizzzzzzzzz/TTS_audio/resolve/main/PromptTTS++/sample2/Template1/Condition/Friends/Adv/emotion/very_surprised.wav,surprised
https://huggingface.co/datasets/wizzzzzzzzz/TTS_audio/resolve/main/UniAudio/sample2/Template1/Condition/Friends/Adv/emotion/very_surprised.wav,surprised
https://huggingface.co/datasets/wizzzzzzzzz/TTS_audio/resolve/main/gpt-4o-mini-tts/sample2/Template1/Condition/Friends/Adv/emotion/very_surprised.wav,surprised
https://huggingface.co/datasets/wizzzzzzzzz/TTS_annotation_check/resolve/main/Task1_Adv_Degree/audios/1017_WSI_FEA_XX.wav,angry
https://huggingface.co/datasets/wizzzzzzzzz/TTS_audio/resolve/main/Parler-TTS-large-v1/sample2/Template1/Condition/Lover/Adv/emotion/angry.wav,angry
https://huggingface.co/datasets/wizzzzzzzzz/TTS_audio/resolve/main/Parler-TTS-mini-v1/sample2/Template1/Condition/Lover/Adv/emotion/angry.wav,angry
https://huggingface.co/datasets/wizzzzzzzzz/TTS_audio/resolve/main/PromptTTS++/sample2/Template1/Condition/Lover/Adv/emotion/angry.wav,angry
https://huggingface.co/datasets/wizzzzzzzzz/TTS_audio/resolve/main/UniAudio/sample2/Template1/Condition/Lover/Adv/emotion/angry.wav,angry
https://huggingface.co/datasets/wizzzzzzzzz/TTS_audio/resolve/main/gpt-4o-mini-tts/sample2/Template1/Condition/Lover/Adv/emotion/angry.wav,angry
https://huggingface.co/datasets/wizzzzzzzzz/TTS_audio/resolve/main/Parler-TTS-large-v1/sample2/Template1/Condition/Lover/Adv/emotion/extremely_angry.wav,angry
https://huggingface.co/datasets/wizzzzzzzzz/TTS_audio/resolve/main/Parler-TTS-mini-v1/sample2/Template1/Condition/Lover/Adv/emotion/extremely_angry.wav,angry
https://huggingface.co/datasets/wizzzzzzzzz/TTS_audio/resolve/main/PromptTTS++/sample2/Template1/Condition/Lover/Adv/emotion/extremely_angry.wav,angry
https://huggingface.co/datasets/wizzzzzzzzz/TTS_audio/resolve/main/UniAudio/sample2/Template1/Condition/Lover/Adv/emotion/extremely_angry.wav,angry
https://huggingface.co/datasets/wizzzzzzzzz/TTS_audio/resolve/main/gpt-4o-mini-tts/sample2/Template1/Condition/Lover/Adv/emotion/extremely_angry.wav,angry
https://huggingface.co/datasets/wizzzzzzzzz/TTS_audio/resolve/main/Parler-TTS-large-v1/sample2/Template1/Condition/Lover/Adv/emotion/extremely_happy.wav,happy
https://huggingface.co/datasets/wizzzzzzzzz/TTS_audio/resolve/main/Parler-TTS-mini-v1/sample2/Template1/Condition/Lover/Adv/emotion/extremely_happy.wav,happy
https://huggingface.co/datasets/wizzzzzzzzz/TTS_audio/resolve/main/PromptTTS++/sample2/Template1/Condition/Lover/Adv/emotion/extremely_happy.wav,happy
https://huggingface.co/datasets/wizzzzzzzzz/TTS_audio/resolve/main/UniAudio/sample2/Template1/Condition/Lover/Adv/emotion/extremely_happy.wav,happy
https://huggingface.co/datasets/wizzzzzzzzz/TTS_audio/resolve/main/gpt-4o-mini-tts/sample2/Template1/Condition/Lover/Adv/emotion/extremely_happy.wav,happy
https://huggingface.co/datasets/wizzzzzzzzz/TTS_audio/resolve/main/Parler-TTS-large-v1/sample2/Template1/Condition/Lover/Adv/emotion/extremely_sad.wav,sad
https://huggingface.co/datasets/wizzzzzzzzz/TTS_audio/resolve/main/Parler-TTS-mini-v1/sample2/Template1/Condition/Lover/Adv/emotion/extremely_sad.wav,sad
https://huggingface.co/datasets/wizzzzzzzzz/TTS_audio/resolve/main/PromptTTS++/sample2/Template1/Condition/Lover/Adv/emotion/extremely_sad.wav,sad
https://huggingface.co/datasets/wizzzzzzzzz/TTS_audio/resolve/main/UniAudio/sample2/Template1/Condition/Lover/Adv/emotion/extremely_sad.wav,sad
https://huggingface.co/datasets/wizzzzzzzzz/TTS_audio/resolve/main/gpt-4o-mini-tts/sample2/Template1/Condition/Lover/Adv/emotion/extremely_sad.wav,sad
https://huggingface.co/datasets/wizzzzzzzzz/TTS_audio/resolve/main/Parler-TTS-large-v1/sample2/Template1/Condition/Lover/Adv/emotion/extremely_surprised.wav,surprised
https://huggingface.co/datasets/wizzzzzzzzz/TTS_audio/resolve/main/Parler-TTS-mini-v1/sample2/Template1/Condition/Lover/Adv/emotion/extremely_surprised.wav,surprised
https://huggingface.co/datasets/wizzzzzzzzz/TTS_audio/resolve/main/PromptTTS++/sample2/Template1/Condition/Lover/Adv/emotion/extremely_surprised.wav,surprised
https://huggingface.co/datasets/wizzzzzzzzz/TTS_audio/resolve/main/UniAudio/sample2/Template1/Condition/Lover/Adv/emotion/extremely_surprised.wav,surprised
https://huggingface.co/datasets/wizzzzzzzzz/TTS_annotation_check/resolve/main/Task1_Adv_Degree/audios/1064_TSI_HAP_XX.wav,happy
https://huggingface.co/datasets/wizzzzzzzzz/TTS_audio/resolve/main/gpt-4o-mini-tts/sample2/Template1/Condition/Lover/Adv/emotion/extremely_surprised.wav,surprised
https://huggingface.co/datasets/wizzzzzzzzz/TTS_audio/resolve/main/Parler-TTS-large-v1/sample2/Template1/Condition/Lover/Adv/emotion/happy.wav,happy
https://huggingface.co/datasets/wizzzzzzzzz/TTS_audio/resolve/main/Parler-TTS-mini-v1/sample2/Template1/Condition/Lover/Adv/emotion/happy.wav,happy
https://huggingface.co/datasets/wizzzzzzzzz/TTS_audio/resolve/main/PromptTTS++/sample2/Template1/Condition/Lover/Adv/emotion/happy.wav,happy
https://huggingface.co/datasets/wizzzzzzzzz/TTS_audio/resolve/main/UniAudio/sample2/Template1/Condition/Lover/Adv/emotion/happy.wav,happy
https://huggingface.co/datasets/wizzzzzzzzz/TTS_audio/resolve/main/gpt-4o-mini-tts/sample2/Template1/Condition/Lover/Adv/emotion/happy.wav,happy
https://huggingface.co/datasets/wizzzzzzzzz/TTS_audio/resolve/main/Parler-TTS-large-v1/sample2/Template1/Condition/Lover/Adv/emotion/sad.wav,sad
https://huggingface.co/datasets/wizzzzzzzzz/TTS_audio/resolve/main/Parler-TTS-mini-v1/sample2/Template1/Condition/Lover/Adv/emotion/sad.wav,sad
https://huggingface.co/datasets/wizzzzzzzzz/TTS_audio/resolve/main/PromptTTS++/sample2/Template1/Condition/Lover/Adv/emotion/sad.wav,sad
https://huggingface.co/datasets/wizzzzzzzzz/TTS_audio/resolve/main/UniAudio/sample2/Template1/Condition/Lover/Adv/emotion/sad.wav,sad
https://huggingface.co/datasets/wizzzzzzzzz/TTS_audio/resolve/main/gpt-4o-mini-tts/sample2/Template1/Condition/Lover/Adv/emotion/sad.wav,sad
https://huggingface.co/datasets/wizzzzzzzzz/TTS_audio/resolve/main/Parler-TTS-large-v1/sample2/Template1/Condition/Lover/Adv/emotion/slightly_angry.wav,angry
https://huggingface.co/datasets/wizzzzzzzzz/TTS_audio/resolve/main/Parler-TTS-mini-v1/sample2/Template1/Condition/Lover/Adv/emotion/slightly_angry.wav,angry
https://huggingface.co/datasets/wizzzzzzzzz/TTS_audio/resolve/main/PromptTTS++/sample2/Template1/Condition/Lover/Adv/emotion/slightly_angry.wav,angry
https://huggingface.co/datasets/wizzzzzzzzz/TTS_audio/resolve/main/UniAudio/sample2/Template1/Condition/Lover/Adv/emotion/slightly_angry.wav,angry
https://huggingface.co/datasets/wizzzzzzzzz/TTS_audio/resolve/main/gpt-4o-mini-tts/sample2/Template1/Condition/Lover/Adv/emotion/slightly_angry.wav,angry
https://huggingface.co/datasets/wizzzzzzzzz/TTS_audio/resolve/main/Parler-TTS-large-v1/sample2/Template1/Condition/Lover/Adv/emotion/slightly_happy.wav,happy
https://huggingface.co/datasets/wizzzzzzzzz/TTS_audio/resolve/main/Parler-TTS-mini-v1/sample2/Template1/Condition/Lover/Adv/emotion/slightly_happy.wav,happy
https://huggingface.co/datasets/wizzzzzzzzz/TTS_audio/resolve/main/PromptTTS++/sample2/Template1/Condition/Lover/Adv/emotion/slightly_happy.wav,happy
https://huggingface.co/datasets/wizzzzzzzzz/TTS_audio/resolve/main/UniAudio/sample2/Template1/Condition/Lover/Adv/emotion/slightly_happy.wav,happy
https://huggingface.co/datasets/wizzzzzzzzz/TTS_audio/resolve/main/gpt-4o-mini-tts/sample2/Template1/Condition/Lover/Adv/emotion/slightly_happy.wav,happy
https://huggingface.co/datasets/wizzzzzzzzz/TTS_audio/resolve/main/Parler-TTS-large-v1/sample2/Template1/Condition/Lover/Adv/emotion/slightly_sad.wav,sad
https://huggingface.co/datasets/wizzzzzzzzz/TTS_audio/resolve/main/Parler-TTS-mini-v1/sample2/Template1/Condition/Lover/Adv/emotion/slightly_sad.wav,sad
https://huggingface.co/datasets/wizzzzzzzzz/TTS_audio/resolve/main/PromptTTS++/sample2/Template1/Condition/Lover/Adv/emotion/slightly_sad.wav,sad
https://huggingface.co/datasets/wizzzzzzzzz/TTS_annotation_check/resolve/main/Task1_Adv_Degree/audios/1011_MTI_FEA_XX.wav,sad
https://huggingface.co/datasets/wizzzzzzzzz/TTS_audio/resolve/main/UniAudio/sample2/Template1/Condition/Lover/Adv/emotion/slightly_sad.wav,sad
https://huggingface.co/datasets/wizzzzzzzzz/TTS_audio/resolve/main/gpt-4o-mini-tts/sample2/Template1/Condition/Lover/Adv/emotion/slightly_sad.wav,sad
https://huggingface.co/datasets/wizzzzzzzzz/TTS_audio/resolve/main/Parler-TTS-large-v1/sample2/Template1/Condition/Lover/Adv/emotion/slightly_surprised.wav,surprised
https://huggingface.co/datasets/wizzzzzzzzz/TTS_audio/resolve/main/Parler-TTS-mini-v1/sample2/Template1/Condition/Lover/Adv/emotion/slightly_surprised.wav,surprised
https://huggingface.co/datasets/wizzzzzzzzz/TTS_audio/resolve/main/PromptTTS++/sample2/Template1/Condition/Lover/Adv/emotion/slightly_surprised.wav,surprised
https://huggingface.co/datasets/wizzzzzzzzz/TTS_audio/resolve/main/UniAudio/sample2/Template1/Condition/Lover/Adv/emotion/slightly_surprised.wav,surprised
https://huggingface.co/datasets/wizzzzzzzzz/TTS_audio/resolve/main/gpt-4o-mini-tts/sample2/Template1/Condition/Lover/Adv/emotion/slightly_surprised.wav,surprised
https://huggingface.co/datasets/wizzzzzzzzz/TTS_audio/resolve/main/Parler-TTS-large-v1/sample2/Template1/Condition/Lover/Adv/emotion/surprised.wav,surprised
https://huggingface.co/datasets/wizzzzzzzzz/TTS_audio/resolve/main/Parler-TTS-mini-v1/sample2/Template1/Condition/Lover/Adv/emotion/surprised.wav,surprised
https://huggingface.co/datasets/wizzzzzzzzz/TTS_audio/resolve/main/PromptTTS++/sample2/Template1/Condition/Lover/Adv/emotion/surprised.wav,surprised
https://huggingface.co/datasets/wizzzzzzzzz/TTS_audio/resolve/main/UniAudio/sample2/Template1/Condition/Lover/Adv/emotion/surprised.wav,surprised
https://huggingface.co/datasets/wizzzzzzzzz/TTS_audio/resolve/main/gpt-4o-mini-tts/sample2/Template1/Condition/Lover/Adv/emotion/surprised.wav,surprised
https://huggingface.co/datasets/wizzzzzzzzz/TTS_audio/resolve/main/Parler-TTS-large-v1/sample2/Template1/Condition/Lover/Adv/emotion/very_angry.wav,angry
https://huggingface.co/datasets/wizzzzzzzzz/TTS_audio/resolve/main/Parler-TTS-mini-v1/sample2/Template1/Condition/Lover/Adv/emotion/very_angry.wav,angry
https://huggingface.co/datasets/wizzzzzzzzz/TTS_audio/resolve/main/PromptTTS++/sample2/Template1/Condition/Lover/Adv/emotion/very_angry.wav,angry
https://huggingface.co/datasets/wizzzzzzzzz/TTS_audio/resolve/main/UniAudio/sample2/Template1/Condition/Lover/Adv/emotion/very_angry.wav,angry
https://huggingface.co/datasets/wizzzzzzzzz/TTS_audio/resolve/main/gpt-4o-mini-tts/sample2/Template1/Condition/Lover/Adv/emotion/very_angry.wav,angry
https://huggingface.co/datasets/wizzzzzzzzz/TTS_audio/resolve/main/Parler-TTS-large-v1/sample2/Template1/Condition/Lover/Adv/emotion/very_happy.wav,happy
https://huggingface.co/datasets/wizzzzzzzzz/TTS_audio/resolve/main/Parler-TTS-mini-v1/sample2/Template1/Condition/Lover/Adv/emotion/very_happy.wav,happy
https://huggingface.co/datasets/wizzzzzzzzz/TTS_audio/resolve/main/PromptTTS++/sample2/Template1/Condition/Lover/Adv/emotion/very_happy.wav,happy
https://huggingface.co/datasets/wizzzzzzzzz/TTS_audio/resolve/main/UniAudio/sample2/Template1/Condition/Lover/Adv/emotion/very_happy.wav,happy
https://huggingface.co/datasets/wizzzzzzzzz/TTS_audio/resolve/main/gpt-4o-mini-tts/sample2/Template1/Condition/Lover/Adv/emotion/very_happy.wav,happy
https://huggingface.co/datasets/wizzzzzzzzz/TTS_audio/resolve/main/Parler-TTS-large-v1/sample2/Template1/Condition/Lover/Adv/emotion/very_sad.wav,sad
https://huggingface.co/datasets/wizzzzzzzzz/TTS_audio/resolve/main/Parler-TTS-mini-v1/sample2/Template1/Condition/Lover/Adv/emotion/very_sad.wav,sad
https://huggingface.co/datasets/wizzzzzzzzz/TTS_annotation_check/resolve/main/Task1_Adv_Degree/audios/1008_TIE_SAD_XX.wav,sad
https://huggingface.co/datasets/wizzzzzzzzz/TTS_audio/resolve/main/PromptTTS++/sample2/Template1/Condition/Lover/Adv/emotion/very_sad.wav,sad
https://huggingface.co/datasets/wizzzzzzzzz/TTS_audio/resolve/main/UniAudio/sample2/Template1/Condition/Lover/Adv/emotion/very_sad.wav,sad
https://huggingface.co/datasets/wizzzzzzzzz/TTS_audio/resolve/main/gpt-4o-mini-tts/sample2/Template1/Condition/Lover/Adv/emotion/very_sad.wav,sad
https://huggingface.co/datasets/wizzzzzzzzz/TTS_audio/resolve/main/Parler-TTS-large-v1/sample2/Template1/Condition/Lover/Adv/emotion/very_surprised.wav,surprised
https://huggingface.co/datasets/wizzzzzzzzz/TTS_audio/resolve/main/Parler-TTS-mini-v1/sample2/Template1/Condition/Lover/Adv/emotion/very_surprised.wav,surprised
https://huggingface.co/datasets/wizzzzzzzzz/TTS_audio/resolve/main/PromptTTS++/sample2/Template1/Condition/Lover/Adv/emotion/very_surprised.wav,surprised
https://huggingface.co/datasets/wizzzzzzzzz/TTS_audio/resolve/main/UniAudio/sample2/Template1/Condition/Lover/Adv/emotion/very_surprised.wav,surprised
https://huggingface.co/datasets/wizzzzzzzzz/TTS_audio/resolve/main/gpt-4o-mini-tts/sample2/Template1/Condition/Lover/Adv/emotion/very_surprised.wav,surprised
https://huggingface.co/datasets/wizzzzzzzzz/TTS_audio/resolve/main/Parler-TTS-large-v1/sample2/Template1/Condition/Normal/Adv/emotion/angry.wav,angry
https://huggingface.co/datasets/wizzzzzzzzz/TTS_audio/resolve/main/Parler-TTS-mini-v1/sample2/Template1/Condition/Normal/Adv/emotion/angry.wav,angry
https://huggingface.co/datasets/wizzzzzzzzz/TTS_audio/resolve/main/PromptTTS++/sample2/Template1/Condition/Normal/Adv/emotion/angry.wav,angry
https://huggingface.co/datasets/wizzzzzzzzz/TTS_audio/resolve/main/UniAudio/sample2/Template1/Condition/Normal/Adv/emotion/angry.wav,angry
https://huggingface.co/datasets/wizzzzzzzzz/TTS_audio/resolve/main/gpt-4o-mini-tts/sample2/Template1/Condition/Normal/Adv/emotion/angry.wav,angry
https://huggingface.co/datasets/wizzzzzzzzz/TTS_audio/resolve/main/Parler-TTS-large-v1/sample2/Template1/Condition/Normal/Adv/emotion/extremely_angry.wav,angry
https://huggingface.co/datasets/wizzzzzzzzz/TTS_audio/resolve/main/Parler-TTS-mini-v1/sample2/Template1/Condition/Normal/Adv/emotion/extremely_angry.wav,angry
https://huggingface.co/datasets/wizzzzzzzzz/TTS_audio/resolve/main/PromptTTS++/sample2/Template1/Condition/Normal/Adv/emotion/extremely_angry.wav,angry
https://huggingface.co/datasets/wizzzzzzzzz/TTS_audio/resolve/main/UniAudio/sample2/Template1/Condition/Normal/Adv/emotion/extremely_angry.wav,angry
https://huggingface.co/datasets/wizzzzzzzzz/TTS_audio/resolve/main/gpt-4o-mini-tts/sample2/Template1/Condition/Normal/Adv/emotion/extremely_angry.wav,angry
https://huggingface.co/datasets/wizzzzzzzzz/TTS_audio/resolve/main/Parler-TTS-large-v1/sample2/Template1/Condition/Normal/Adv/emotion/extremely_happy.wav,happy
https://huggingface.co/datasets/wizzzzzzzzz/TTS_audio/resolve/main/Parler-TTS-mini-v1/sample2/Template1/Condition/Normal/Adv/emotion/extremely_happy.wav,happy
https://huggingface.co/datasets/wizzzzzzzzz/TTS_audio/resolve/main/PromptTTS++/sample2/Template1/Condition/Normal/Adv/emotion/extremely_happy.wav,happy
https://huggingface.co/datasets/wizzzzzzzzz/TTS_audio/resolve/main/UniAudio/sample2/Template1/Condition/Normal/Adv/emotion/extremely_happy.wav,happy
https://huggingface.co/datasets/wizzzzzzzzz/TTS_audio/resolve/main/gpt-4o-mini-tts/sample2/Template1/Condition/Normal/Adv/emotion/extremely_happy.wav,happy
https://huggingface.co/datasets/wizzzzzzzzz/TTS_audio/resolve/main/Parler-TTS-large-v1/sample2/Template1/Condition/Normal/Adv/emotion/extremely_sad.wav,sad
https://huggingface.co/datasets/wizzzzzzzzz/TTS_annotation_check/resolve/main/Task1_Adv_Degree/audios/1031_IEO_ANG_HI.wav,angry
https://huggingface.co/datasets/wizzzzzzzzz/TTS_audio/resolve/main/Parler-TTS-mini-v1/sample2/Template1/Condition/Normal/Adv/emotion/extremely_sad.wav,sad
https://huggingface.co/datasets/wizzzzzzzzz/TTS_audio/resolve/main/PromptTTS++/sample2/Template1/Condition/Normal/Adv/emotion/extremely_sad.wav,sad
https://huggingface.co/datasets/wizzzzzzzzz/TTS_audio/resolve/main/UniAudio/sample2/Template1/Condition/Normal/Adv/emotion/extremely_sad.wav,sad
https://huggingface.co/datasets/wizzzzzzzzz/TTS_audio/resolve/main/gpt-4o-mini-tts/sample2/Template1/Condition/Normal/Adv/emotion/extremely_sad.wav,sad
https://huggingface.co/datasets/wizzzzzzzzz/TTS_audio/resolve/main/Parler-TTS-large-v1/sample2/Template1/Condition/Normal/Adv/emotion/extremely_surprised.wav,surprised
https://huggingface.co/datasets/wizzzzzzzzz/TTS_audio/resolve/main/Parler-TTS-mini-v1/sample2/Template1/Condition/Normal/Adv/emotion/extremely_surprised.wav,surprised
https://huggingface.co/datasets/wizzzzzzzzz/TTS_audio/resolve/main/PromptTTS++/sample2/Template1/Condition/Normal/Adv/emotion/extremely_surprised.wav,surprised
https://huggingface.co/datasets/wizzzzzzzzz/TTS_audio/resolve/main/UniAudio/sample2/Template1/Condition/Normal/Adv/emotion/extremely_surprised.wav,surprised
https://huggingface.co/datasets/wizzzzzzzzz/TTS_audio/resolve/main/gpt-4o-mini-tts/sample2/Template1/Condition/Normal/Adv/emotion/extremely_surprised.wav,surprised
https://huggingface.co/datasets/wizzzzzzzzz/TTS_audio/resolve/main/Parler-TTS-large-v1/sample2/Template1/Condition/Normal/Adv/emotion/happy.wav,happy
https://huggingface.co/datasets/wizzzzzzzzz/TTS_audio/resolve/main/Parler-TTS-mini-v1/sample2/Template1/Condition/Normal/Adv/emotion/happy.wav,happy
https://huggingface.co/datasets/wizzzzzzzzz/TTS_audio/resolve/main/PromptTTS++/sample2/Template1/Condition/Normal/Adv/emotion/happy.wav,happy
https://huggingface.co/datasets/wizzzzzzzzz/TTS_audio/resolve/main/UniAudio/sample2/Template1/Condition/Normal/Adv/emotion/happy.wav,happy
https://huggingface.co/datasets/wizzzzzzzzz/TTS_audio/resolve/main/gpt-4o-mini-tts/sample2/Template1/Condition/Normal/Adv/emotion/happy.wav,happy
https://huggingface.co/datasets/wizzzzzzzzz/TTS_audio/resolve/main/Parler-TTS-large-v1/sample2/Template1/Condition/Normal/Adv/emotion/sad.wav,sad
https://huggingface.co/datasets/wizzzzzzzzz/TTS_audio/resolve/main/Parler-TTS-mini-v1/sample2/Template1/Condition/Normal/Adv/emotion/sad.wav,sad
https://huggingface.co/datasets/wizzzzzzzzz/TTS_audio/resolve/main/PromptTTS++/sample2/Template1/Condition/Normal/Adv/emotion/sad.wav,sad
https://huggingface.co/datasets/wizzzzzzzzz/TTS_audio/resolve/main/UniAudio/sample2/Template1/Condition/Normal/Adv/emotion/sad.wav,sad
https://huggingface.co/datasets/wizzzzzzzzz/TTS_audio/resolve/main/gpt-4o-mini-tts/sample2/Template1/Condition/Normal/Adv/emotion/sad.wav,sad
https://huggingface.co/datasets/wizzzzzzzzz/TTS_audio/resolve/main/Parler-TTS-large-v1/sample2/Template1/Condition/Normal/Adv/emotion/slightly_angry.wav,angry
https://huggingface.co/datasets/wizzzzzzzzz/TTS_audio/resolve/main/Parler-TTS-mini-v1/sample2/Template1/Condition/Normal/Adv/emotion/slightly_angry.wav,angry
https://huggingface.co/datasets/wizzzzzzzzz/TTS_audio/resolve/main/PromptTTS++/sample2/Template1/Condition/Normal/Adv/emotion/slightly_angry.wav,angry
https://huggingface.co/datasets/wizzzzzzzzz/TTS_audio/resolve/main/UniAudio/sample2/Template1/Condition/Normal/Adv/emotion/slightly_angry.wav,angry
https://huggingface.co/datasets/wizzzzzzzzz/TTS_audio/resolve/main/gpt-4o-mini-tts/sample2/Template1/Condition/Normal/Adv/emotion/slightly_angry.wav,angry
https://huggingface.co/datasets/wizzzzzzzzz/TTS_annotation_check/resolve/main/Task1_Adv_Degree/audios/1036_IWL_ANG_XX.wav,angry
https://huggingface.co/datasets/wizzzzzzzzz/TTS_audio/resolve/main/Parler-TTS-large-v1/sample2/Template1/Condition/Normal/Adv/emotion/slightly_happy.wav,happy
https://huggingface.co/datasets/wizzzzzzzzz/TTS_audio/resolve/main/Parler-TTS-mini-v1/sample2/Template1/Condition/Normal/Adv/emotion/slightly_happy.wav,happy
https://huggingface.co/datasets/wizzzzzzzzz/TTS_audio/resolve/main/PromptTTS++/sample2/Template1/Condition/Normal/Adv/emotion/slightly_happy.wav,happy
https://huggingface.co/datasets/wizzzzzzzzz/TTS_audio/resolve/main/UniAudio/sample2/Template1/Condition/Normal/Adv/emotion/slightly_happy.wav,happy
https://huggingface.co/datasets/wizzzzzzzzz/TTS_audio/resolve/main/gpt-4o-mini-tts/sample2/Template1/Condition/Normal/Adv/emotion/slightly_happy.wav,happy
https://huggingface.co/datasets/wizzzzzzzzz/TTS_audio/resolve/main/Parler-TTS-large-v1/sample2/Template1/Condition/Normal/Adv/emotion/slightly_sad.wav,sad
https://huggingface.co/datasets/wizzzzzzzzz/TTS_audio/resolve/main/Parler-TTS-mini-v1/sample2/Template1/Condition/Normal/Adv/emotion/slightly_sad.wav,sad
https://huggingface.co/datasets/wizzzzzzzzz/TTS_audio/resolve/main/PromptTTS++/sample2/Template1/Condition/Normal/Adv/emotion/slightly_sad.wav,sad
https://huggingface.co/datasets/wizzzzzzzzz/TTS_audio/resolve/main/UniAudio/sample2/Template1/Condition/Normal/Adv/emotion/slightly_sad.wav,sad
https://huggingface.co/datasets/wizzzzzzzzz/TTS_audio/resolve/main/gpt-4o-mini-tts/sample2/Template1/Condition/Normal/Adv/emotion/slightly_sad.wav,sad
https://huggingface.co/datasets/wizzzzzzzzz/TTS_audio/resolve/main/Parler-TTS-large-v1/sample2/Template1/Condition/Normal/Adv/emotion/slightly_surprised.wav,surprised
https://huggingface.co/datasets/wizzzzzzzzz/TTS_audio/resolve/main/Parler-TTS-mini-v1/sample2/Template1/Condition/Normal/Adv/emotion/slightly_surprised.wav,surprised
https://huggingface.co/datasets/wizzzzzzzzz/TTS_audio/resolve/main/PromptTTS++/sample2/Template1/Condition/Normal/Adv/emotion/slightly_surprised.wav,surprised
https://huggingface.co/datasets/wizzzzzzzzz/TTS_audio/resolve/main/UniAudio/sample2/Template1/Condition/Normal/Adv/emotion/slightly_surprised.wav,surprised
https://huggingface.co/datasets/wizzzzzzzzz/TTS_audio/resolve/main/gpt-4o-mini-tts/sample2/Template1/Condition/Normal/Adv/emotion/slightly_surprised.wav,surprised
https://huggingface.co/datasets/wizzzzzzzzz/TTS_audio/resolve/main/Parler-TTS-large-v1/sample2/Template1/Condition/Normal/Adv/emotion/surprised.wav,surprised
https://huggingface.co/datasets/wizzzzzzzzz/TTS_audio/resolve/main/Parler-TTS-mini-v1/sample2/Template1/Condition/Normal/Adv/emotion/surprised.wav,surprised
https://huggingface.co/datasets/wizzzzzzzzz/TTS_audio/resolve/main/PromptTTS++/sample2/Template1/Condition/Normal/Adv/emotion/surprised.wav,surprised
https://huggingface.co/datasets/wizzzzzzzzz/TTS_audio/resolve/main/UniAudio/sample2/Template1/Condition/Normal/Adv/emotion/surprised.wav,surprised
https://huggingface.co/datasets/wizzzzzzzzz/TTS_audio/resolve/main/gpt-4o-mini-tts/sample2/Template1/Condition/Normal/Adv/emotion/surprised.wav,surprised
https://huggingface.co/datasets/wizzzzzzzzz/TTS_audio/resolve/main/Parler-TTS-large-v1/sample2/Template1/Condition/Normal/Adv/emotion/very_angry.wav,angry
https://huggingface.co/datasets/wizzzzzzzzz/TTS_audio/resolve/main/Parler-TTS-mini-v1/sample2/Template1/Condition/Normal/Adv/emotion/very_angry.wav,angry
https://huggingface.co/datasets/wizzzzzzzzz/TTS_audio/resolve/main/PromptTTS++/sample2/Template1/Condition/Normal/Adv/emotion/very_angry.wav,angry
https://huggingface.co/datasets/wizzzzzzzzz/TTS_audio/resolve/main/UniAudio/sample2/Template1/Condition/Normal/Adv/emotion/very_angry.wav,angry
https://huggingface.co/datasets/wizzzzzzzzz/TTS_annotation_check/resolve/main/Task1_Adv_Degree/audios/1010_IEO_ANG_HI.wav,angry
https://huggingface.co/datasets/wizzzzzzzzz/TTS_audio/resolve/main/gpt-4o-mini-tts/sample2/Template1/Condition/Normal/Adv/emotion/very_angry.wav,angry
https://huggingface.co/datasets/wizzzzzzzzz/TTS_audio/resolve/main/Parler-TTS-large-v1/sample2/Template1/Condition/Normal/Adv/emotion/very_happy.wav,happy
https://huggingface.co/datasets/wizzzzzzzzz/TTS_audio/resolve/main/Parler-TTS-mini-v1/sample2/Template1/Condition/Normal/Adv/emotion/very_happy.wav,happy
https://huggingface.co/datasets/wizzzzzzzzz/TTS_audio/resolve/main/PromptTTS++/sample2/Template1/Condition/Normal/Adv/emotion/very_happy.wav,happy
https://huggingface.co/datasets/wizzzzzzzzz/TTS_audio/resolve/main/UniAudio/sample2/Template1/Condition/Normal/Adv/emotion/very_happy.wav,happy
https://huggingface.co/datasets/wizzzzzzzzz/TTS_audio/resolve/main/gpt-4o-mini-tts/sample2/Template1/Condition/Normal/Adv/emotion/very_happy.wav,happy
https://huggingface.co/datasets/wizzzzzzzzz/TTS_audio/resolve/main/Parler-TTS-large-v1/sample2/Template1/Condition/Normal/Adv/emotion/very_sad.wav,sad
https://huggingface.co/datasets/wizzzzzzzzz/TTS_audio/resolve/main/Parler-TTS-mini-v1/sample2/Template1/Condition/Normal/Adv/emotion/very_sad.wav,sad
https://huggingface.co/datasets/wizzzzzzzzz/TTS_audio/resolve/main/PromptTTS++/sample2/Template1/Condition/Normal/Adv/emotion/very_sad.wav,sad
https://huggingface.co/datasets/wizzzzzzzzz/TTS_audio/resolve/main/UniAudio/sample2/Template1/Condition/Normal/Adv/emotion/very_sad.wav,sad
https://huggingface.co/datasets/wizzzzzzzzz/TTS_audio/resolve/main/gpt-4o-mini-tts/sample2/Template1/Condition/Normal/Adv/emotion/very_sad.wav,sad
https://huggingface.co/datasets/wizzzzzzzzz/TTS_audio/resolve/main/Parler-TTS-large-v1/sample2/Template1/Condition/Normal/Adv/emotion/very_surprised.wav,surprised
https://huggingface.co/datasets/wizzzzzzzzz/TTS_audio/resolve/main/Parler-TTS-mini-v1/sample2/Template1/Condition/Normal/Adv/emotion/very_surprised.wav,surprised
https://huggingface.co/datasets/wizzzzzzzzz/TTS_audio/resolve/main/PromptTTS++/sample2/Template1/Condition/Normal/Adv/emotion/very_surprised.wav,surprised
https://huggingface.co/datasets/wizzzzzzzzz/TTS_audio/resolve/main/UniAudio/sample2/Template1/Condition/Normal/Adv/emotion/very_surprised.wav,surprised
https://huggingface.co/datasets/wizzzzzzzzz/TTS_audio/resolve/main/gpt-4o-mini-tts/sample2/Template1/Condition/Normal/Adv/emotion/very_surprised.wav,surprised
https://huggingface.co/datasets/wizzzzzzzzz/TTS_audio/resolve/main/Parler-TTS-large-v1/sample2/Template1/Condition/Teacher-Student/Adv/emotion/angry.wav,angry
https://huggingface.co/datasets/wizzzzzzzzz/TTS_audio/resolve/main/Parler-TTS-mini-v1/sample2/Template1/Condition/Teacher-Student/Adv/emotion/angry.wav,angry
https://huggingface.co/datasets/wizzzzzzzzz/TTS_audio/resolve/main/PromptTTS++/sample2/Template1/Condition/Teacher-Student/Adv/emotion/angry.wav,angry
https://huggingface.co/datasets/wizzzzzzzzz/TTS_audio/resolve/main/UniAudio/sample2/Template1/Condition/Teacher-Student/Adv/emotion/angry.wav,angry
https://huggingface.co/datasets/wizzzzzzzzz/TTS_audio/resolve/main/gpt-4o-mini-tts/sample2/Template1/Condition/Teacher-Student/Adv/emotion/angry.wav,angry
https://huggingface.co/datasets/wizzzzzzzzz/TTS_audio/resolve/main/Parler-TTS-large-v1/sample2/Template1/Condition/Teacher-Student/Adv/emotion/extremely_angry.wav,angry
https://huggingface.co/datasets/wizzzzzzzzz/TTS_audio/resolve/main/Parler-TTS-mini-v1/sample2/Template1/Condition/Teacher-Student/Adv/emotion/extremely_angry.wav,angry
https://huggingface.co/datasets/wizzzzzzzzz/TTS_audio/resolve/main/PromptTTS++/sample2/Template1/Condition/Teacher-Student/Adv/emotion/extremely_angry.wav,angry
https://huggingface.co/datasets/wizzzzzzzzz/TTS_annotation_check/resolve/main/Task1_Adv_Degree/audios/1008_TSI_ANG_XX.wav,angry
https://huggingface.co/datasets/wizzzzzzzzz/TTS_audio/resolve/main/UniAudio/sample2/Template1/Condition/Teacher-Student/Adv/emotion/extremely_angry.wav,angry
https://huggingface.co/datasets/wizzzzzzzzz/TTS_audio/resolve/main/gpt-4o-mini-tts/sample2/Template1/Condition/Teacher-Student/Adv/emotion/extremely_angry.wav,angry
https://huggingface.co/datasets/wizzzzzzzzz/TTS_audio/resolve/main/Parler-TTS-large-v1/sample2/Template1/Condition/Teacher-Student/Adv/emotion/extremely_happy.wav,happy
https://huggingface.co/datasets/wizzzzzzzzz/TTS_audio/resolve/main/Parler-TTS-mini-v1/sample2/Template1/Condition/Teacher-Student/Adv/emotion/extremely_happy.wav,happy
https://huggingface.co/datasets/wizzzzzzzzz/TTS_audio/resolve/main/PromptTTS++/sample2/Template1/Condition/Teacher-Student/Adv/emotion/extremely_happy.wav,happy
https://huggingface.co/datasets/wizzzzzzzzz/TTS_audio/resolve/main/UniAudio/sample2/Template1/Condition/Teacher-Student/Adv/emotion/extremely_happy.wav,happy
https://huggingface.co/datasets/wizzzzzzzzz/TTS_audio/resolve/main/gpt-4o-mini-tts/sample2/Template1/Condition/Teacher-Student/Adv/emotion/extremely_happy.wav,happy
https://huggingface.co/datasets/wizzzzzzzzz/TTS_audio/resolve/main/Parler-TTS-large-v1/sample2/Template1/Condition/Teacher-Student/Adv/emotion/extremely_sad.wav,sad
https://huggingface.co/datasets/wizzzzzzzzz/TTS_audio/resolve/main/Parler-TTS-mini-v1/sample2/Template1/Condition/Teacher-Student/Adv/emotion/extremely_sad.wav,sad
https://huggingface.co/datasets/wizzzzzzzzz/TTS_audio/resolve/main/PromptTTS++/sample2/Template1/Condition/Teacher-Student/Adv/emotion/extremely_sad.wav,sad
https://huggingface.co/datasets/wizzzzzzzzz/TTS_audio/resolve/main/UniAudio/sample2/Template1/Condition/Teacher-Student/Adv/emotion/extremely_sad.wav,sad
https://huggingface.co/datasets/wizzzzzzzzz/TTS_audio/resolve/main/gpt-4o-mini-tts/sample2/Template1/Condition/Teacher-Student/Adv/emotion/extremely_sad.wav,sad
https://huggingface.co/datasets/wizzzzzzzzz/TTS_audio/resolve/main/Parler-TTS-large-v1/sample2/Template1/Condition/Teacher-Student/Adv/emotion/extremely_surprised.wav,surprised
https://huggingface.co/datasets/wizzzzzzzzz/TTS_audio/resolve/main/Parler-TTS-mini-v1/sample2/Template1/Condition/Teacher-Student/Adv/emotion/extremely_surprised.wav,surprised
https://huggingface.co/datasets/wizzzzzzzzz/TTS_audio/resolve/main/PromptTTS++/sample2/Template1/Condition/Teacher-Student/Adv/emotion/extremely_surprised.wav,surprised
https://huggingface.co/datasets/wizzzzzzzzz/TTS_audio/resolve/main/UniAudio/sample2/Template1/Condition/Teacher-Student/Adv/emotion/extremely_surprised.wav,surprised
https://huggingface.co/datasets/wizzzzzzzzz/TTS_audio/resolve/main/gpt-4o-mini-tts/sample2/Template1/Condition/Teacher-Student/Adv/emotion/extremely_surprised.wav,surprised
https://huggingface.co/datasets/wizzzzzzzzz/TTS_audio/resolve/main/Parler-TTS-large-v1/sample2/Template1/Condition/Teacher-Student/Adv/emotion/happy.wav,happy
https://huggingface.co/datasets/wizzzzzzzzz/TTS_audio/resolve/main/Parler-TTS-mini-v1/sample2/Template1/Condition/Teacher-Student/Adv/emotion/happy.wav,happy
https://huggingface.co/datasets/wizzzzzzzzz/TTS_audio/resolve/main/PromptTTS++/sample2/Template1/Condition/Teacher-Student/Adv/emotion/happy.wav,happy
https://huggingface.co/datasets/wizzzzzzzzz/TTS_audio/resolve/main/UniAudio/sample2/Template1/Condition/Teacher-Student/Adv/emotion/happy.wav,happy
https://huggingface.co/datasets/wizzzzzzzzz/TTS_audio/resolve/main/gpt-4o-mini-tts/sample2/Template1/Condition/Teacher-Student/Adv/emotion/happy.wav,happy
https://huggingface.co/datasets/wizzzzzzzzz/TTS_audio/resolve/main/Parler-TTS-large-v1/sample2/Template1/Condition/Teacher-Student/Adv/emotion/sad.wav,sad
https://huggingface.co/datasets/wizzzzzzzzz/TTS_audio/resolve/main/Parler-TTS-mini-v1/sample2/Template1/Condition/Teacher-Student/Adv/emotion/sad.wav,sad
https://huggingface.co/datasets/wizzzzzzzzz/TTS_annotation_check/resolve/main/Task1_Adv_Degree/audios/1007_DFA_ANG_XX.wav,angry
https://huggingface.co/datasets/wizzzzzzzzz/TTS_audio/resolve/main/PromptTTS++/sample2/Template1/Condition/Teacher-Student/Adv/emotion/sad.wav,sad
https://huggingface.co/datasets/wizzzzzzzzz/TTS_audio/resolve/main/UniAudio/sample2/Template1/Condition/Teacher-Student/Adv/emotion/sad.wav,sad
https://huggingface.co/datasets/wizzzzzzzzz/TTS_audio/resolve/main/gpt-4o-mini-tts/sample2/Template1/Condition/Teacher-Student/Adv/emotion/sad.wav,sad
https://huggingface.co/datasets/wizzzzzzzzz/TTS_audio/resolve/main/Parler-TTS-large-v1/sample2/Template1/Condition/Teacher-Student/Adv/emotion/slightly_angry.wav,angry
https://huggingface.co/datasets/wizzzzzzzzz/TTS_audio/resolve/main/Parler-TTS-mini-v1/sample2/Template1/Condition/Teacher-Student/Adv/emotion/slightly_angry.wav,angry
https://huggingface.co/datasets/wizzzzzzzzz/TTS_audio/resolve/main/PromptTTS++/sample2/Template1/Condition/Teacher-Student/Adv/emotion/slightly_angry.wav,angry
https://huggingface.co/datasets/wizzzzzzzzz/TTS_audio/resolve/main/UniAudio/sample2/Template1/Condition/Teacher-Student/Adv/emotion/slightly_angry.wav,angry
https://huggingface.co/datasets/wizzzzzzzzz/TTS_audio/resolve/main/gpt-4o-mini-tts/sample2/Template1/Condition/Teacher-Student/Adv/emotion/slightly_angry.wav,angry
https://huggingface.co/datasets/wizzzzzzzzz/TTS_audio/resolve/main/Parler-TTS-large-v1/sample2/Template1/Condition/Teacher-Student/Adv/emotion/slightly_happy.wav,happy
https://huggingface.co/datasets/wizzzzzzzzz/TTS_audio/resolve/main/Parler-TTS-mini-v1/sample2/Template1/Condition/Teacher-Student/Adv/emotion/slightly_happy.wav,happy
https://huggingface.co/datasets/wizzzzzzzzz/TTS_audio/resolve/main/PromptTTS++/sample2/Template1/Condition/Teacher-Student/Adv/emotion/slightly_happy.wav,happy
https://huggingface.co/datasets/wizzzzzzzzz/TTS_audio/resolve/main/UniAudio/sample2/Template1/Condition/Teacher-Student/Adv/emotion/slightly_happy.wav,happy
https://huggingface.co/datasets/wizzzzzzzzz/TTS_audio/resolve/main/gpt-4o-mini-tts/sample2/Template1/Condition/Teacher-Student/Adv/emotion/slightly_happy.wav,happy
https://huggingface.co/datasets/wizzzzzzzzz/TTS_audio/resolve/main/Parler-TTS-large-v1/sample2/Template1/Condition/Teacher-Student/Adv/emotion/slightly_sad.wav,sad
https://huggingface.co/datasets/wizzzzzzzzz/TTS_audio/resolve/main/Parler-TTS-mini-v1/sample2/Template1/Condition/Teacher-Student/Adv/emotion/slightly_sad.wav,sad
https://huggingface.co/datasets/wizzzzzzzzz/TTS_audio/resolve/main/PromptTTS++/sample2/Template1/Condition/Teacher-Student/Adv/emotion/slightly_sad.wav,sad
https://huggingface.co/datasets/wizzzzzzzzz/TTS_audio/resolve/main/UniAudio/sample2/Template1/Condition/Teacher-Student/Adv/emotion/slightly_sad.wav,sad
https://huggingface.co/datasets/wizzzzzzzzz/TTS_audio/resolve/main/gpt-4o-mini-tts/sample2/Template1/Condition/Teacher-Student/Adv/emotion/slightly_sad.wav,sad
https://huggingface.co/datasets/wizzzzzzzzz/TTS_audio/resolve/main/Parler-TTS-large-v1/sample2/Template1/Condition/Teacher-Student/Adv/emotion/slightly_surprised.wav,surprised
https://huggingface.co/datasets/wizzzzzzzzz/TTS_audio/resolve/main/Parler-TTS-mini-v1/sample2/Template1/Condition/Teacher-Student/Adv/emotion/slightly_surprised.wav,surprised
https://huggingface.co/datasets/wizzzzzzzzz/TTS_audio/resolve/main/PromptTTS++/sample2/Template1/Condition/Teacher-Student/Adv/emotion/slightly_surprised.wav,surprised
https://huggingface.co/datasets/wizzzzzzzzz/TTS_audio/resolve/main/UniAudio/sample2/Template1/Condition/Teacher-Student/Adv/emotion/slightly_surprised.wav,surprised
https://huggingface.co/datasets/wizzzzzzzzz/TTS_audio/resolve/main/gpt-4o-mini-tts/sample2/Template1/Condition/Teacher-Student/Adv/emotion/slightly_surprised.wav,surprised
https://huggingface.co/datasets/wizzzzzzzzz/TTS_audio/resolve/main/Parler-TTS-large-v1/sample2/Template1/Condition/Teacher-Student/Adv/emotion/surprised.wav,surprised
https://huggingface.co/datasets/wizzzzzzzzz/TTS_annotation_check/resolve/main/Task1_Adv_Degree/audios/1056_IOM_ANG_XX.wav,angry
https://huggingface.co/datasets/wizzzzzzzzz/TTS_audio/resolve/main/Parler-TTS-mini-v1/sample2/Template1/Condition/Teacher-Student/Adv/emotion/surprised.wav,surprised
https://huggingface.co/datasets/wizzzzzzzzz/TTS_audio/resolve/main/PromptTTS++/sample2/Template1/Condition/Teacher-Student/Adv/emotion/surprised.wav,surprised
https://huggingface.co/datasets/wizzzzzzzzz/TTS_audio/resolve/main/UniAudio/sample2/Template1/Condition/Teacher-Student/Adv/emotion/surprised.wav,surprised
https://huggingface.co/datasets/wizzzzzzzzz/TTS_audio/resolve/main/gpt-4o-mini-tts/sample2/Template1/Condition/Teacher-Student/Adv/emotion/surprised.wav,surprised
https://huggingface.co/datasets/wizzzzzzzzz/TTS_audio/resolve/main/Parler-TTS-large-v1/sample2/Template1/Condition/Teacher-Student/Adv/emotion/very_angry.wav,angry
https://huggingface.co/datasets/wizzzzzzzzz/TTS_audio/resolve/main/Parler-TTS-mini-v1/sample2/Template1/Condition/Teacher-Student/Adv/emotion/very_angry.wav,angry
https://huggingface.co/datasets/wizzzzzzzzz/TTS_audio/resolve/main/PromptTTS++/sample2/Template1/Condition/Teacher-Student/Adv/emotion/very_angry.wav,angry
https://huggingface.co/datasets/wizzzzzzzzz/TTS_audio/resolve/main/UniAudio/sample2/Template1/Condition/Teacher-Student/Adv/emotion/very_angry.wav,angry
https://huggingface.co/datasets/wizzzzzzzzz/TTS_audio/resolve/main/gpt-4o-mini-tts/sample2/Template1/Condition/Teacher-Student/Adv/emotion/very_angry.wav,angry
https://huggingface.co/datasets/wizzzzzzzzz/TTS_audio/resolve/main/Parler-TTS-large-v1/sample2/Template1/Condition/Teacher-Student/Adv/emotion/very_happy.wav,happy
https://huggingface.co/datasets/wizzzzzzzzz/TTS_audio/resolve/main/Parler-TTS-mini-v1/sample2/Template1/Condition/Teacher-Student/Adv/emotion/very_happy.wav,happy
https://huggingface.co/datasets/wizzzzzzzzz/TTS_audio/resolve/main/PromptTTS++/sample2/Template1/Condition/Teacher-Student/Adv/emotion/very_happy.wav,happy
https://huggingface.co/datasets/wizzzzzzzzz/TTS_audio/resolve/main/UniAudio/sample2/Template1/Condition/Teacher-Student/Adv/emotion/very_happy.wav,happy
https://huggingface.co/datasets/wizzzzzzzzz/TTS_audio/resolve/main/gpt-4o-mini-tts/sample2/Template1/Condition/Teacher-Student/Adv/emotion/very_happy.wav,happy
https://huggingface.co/datasets/wizzzzzzzzz/TTS_audio/resolve/main/Parler-TTS-large-v1/sample2/Template1/Condition/Teacher-Student/Adv/emotion/very_sad.wav,sad
https://huggingface.co/datasets/wizzzzzzzzz/TTS_audio/resolve/main/Parler-TTS-mini-v1/sample2/Template1/Condition/Teacher-Student/Adv/emotion/very_sad.wav,sad
https://huggingface.co/datasets/wizzzzzzzzz/TTS_audio/resolve/main/PromptTTS++/sample2/Template1/Condition/Teacher-Student/Adv/emotion/very_sad.wav,sad
https://huggingface.co/datasets/wizzzzzzzzz/TTS_audio/resolve/main/UniAudio/sample2/Template1/Condition/Teacher-Student/Adv/emotion/very_sad.wav,sad
https://huggingface.co/datasets/wizzzzzzzzz/TTS_audio/resolve/main/gpt-4o-mini-tts/sample2/Template1/Condition/Teacher-Student/Adv/emotion/very_sad.wav,sad
https://huggingface.co/datasets/wizzzzzzzzz/TTS_audio/resolve/main/Parler-TTS-large-v1/sample2/Template1/Condition/Teacher-Student/Adv/emotion/very_surprised.wav,surprised
https://huggingface.co/datasets/wizzzzzzzzz/TTS_audio/resolve/main/Parler-TTS-mini-v1/sample2/Template1/Condition/Teacher-Student/Adv/emotion/very_surprised.wav,surprised
https://huggingface.co/datasets/wizzzzzzzzz/TTS_audio/resolve/main/PromptTTS++/sample2/Template1/Condition/Teacher-Student/Adv/emotion/very_surprised.wav,surprised
https://huggingface.co/datasets/wizzzzzzzzz/TTS_audio/resolve/main/UniAudio/sample2/Template1/Condition/Teacher-Student/Adv/emotion/very_surprised.wav,surprised
https://huggingface.co/datasets/wizzzzzzzzz/TTS_audio/resolve/main/gpt-4o-mini-tts/sample2/Template1/Condition/Teacher-Student/Adv/emotion/very_surprised.wav,surprised
https://huggingface.co/datasets/wizzzzzzzzz/TTS_annotation_check/resolve/main/Task1_Adv_Degree/audios/1007_WSI_NEU_XX.wav,angry
